task,model,alpha,tune_r2,heldout_r2,heldout_standardized_rmse,heldout_standardized_mae,feature_dimension,target_dimension,fit_rows,tune_rows,heldout_rows
boundary_gradient,baseline,10000.0,-0.06569450791564302,-0.06182985277672537,1.0019224981202752,0.5321757256767093,3,45,728,273,455
boundary_gradient,dstm,10000.0,-0.06579177465296016,-0.06014944656381149,1.0011293845029319,0.5322811986171094,48,45,728,273,455
boundary_gradient,random_00,10000.0,-0.0721288621793501,-0.0662359795412415,1.0039991148876415,0.5317033367004428,48,45,728,273,455
boundary_gradient,random_01,10000.0,-0.07472470902739792,-0.06484331058908266,1.0033432116451069,0.5288433861222457,48,45,728,273,455
boundary_gradient,random_02,10000.0,-0.07337642195259231,-0.0650661334389182,1.0034481830043491,0.5299459283485272,48,45,728,273,455
boundary_gradient,random_03,10000.0,-0.07722303506748185,-0.06974596004504208,1.0056503074663574,0.5360252194778952,48,45,728,273,455
boundary_gradient,random_04,10000.0,-0.07700410876339592,-0.06420843361431228,1.0030440622433956,0.5288583135224998,48,45,728,273,455
boundary_gradient,random_05,10000.0,-0.07273923985863595,-0.06735651923800545,1.0045265428965042,0.5333270796929851,48,45,728,273,455
boundary_gradient,random_06,10000.0,-0.07887338614476969,-0.06904486432506696,1.0053207092666097,0.5335059621684273,48,45,728,273,455
boundary_gradient,random_07,10000.0,-0.07352773920885047,-0.0642845953666007,1.0030799538151178,0.5300576640942238,48,45,728,273,455
boundary_gradient,random_08,10000.0,-0.07099629760939541,-0.06806201063972073,1.0048584693708082,0.5347507717682333,48,45,728,273,455
boundary_gradient,random_09,10000.0,-0.07736477858343149,-0.06410955169556387,1.0029974617738089,0.529297510989851,48,45,728,273,455
boundary_gradient,random_10,10000.0,-0.07522522784816821,-0.06597975794138944,1.0038784747476368,0.5303553136079844,48,45,728,273,455
boundary_gradient,random_11,10000.0,-0.07400592790650595,-0.0669258382617568,1.0043238579852138,0.5319287278146373,48,45,728,273,455
boundary_gradient,random_12,10000.0,-0.0738843028437497,-0.06479036063629384,1.0033182654226824,0.5305702699370335,48,45,728,273,455
boundary_gradient,random_13,10000.0,-0.07238925191349632,-0.06484092259258878,1.0033420866056804,0.5307505998284773,48,45,728,273,455
boundary_gradient,random_14,10000.0,-0.07012561185524624,-0.06777128083653983,1.0047216972614497,0.5352994574967948,48,45,728,273,455
boundary_gradient,random_15,10000.0,-0.07758400573165547,-0.0658028488840281,1.0037951698995162,0.5306015695821468,48,45,728,273,455
syndrome_velocity,baseline,10000.0,-0.11008206984615154,-0.11019137845739535,1.017068701714524,0.6333011234440391,3,45,704,264,440
syndrome_velocity,dstm,10000.0,-0.10143839636067065,-0.09902883999042555,1.0119426708497337,0.6281496391699296,48,45,704,264,440
syndrome_velocity,random_00,10000.0,-0.11707785338040133,-0.1142580814205969,1.0189297932295531,0.6313530493569329,48,45,704,264,440
syndrome_velocity,random_01,10000.0,-0.12220566877723882,-0.1127829026277849,1.0182550835411321,0.6272904475349605,48,45,704,264,440
syndrome_velocity,random_02,10000.0,-0.11818793172294773,-0.1142804238433699,1.018940008657414,0.6293631168821558,48,45,704,264,440
syndrome_velocity,random_03,10000.0,-0.12644536856675126,-0.12091204934392175,1.021967614777927,0.6370171328413001,48,45,704,264,440
syndrome_velocity,random_04,10000.0,-0.1224092143499298,-0.11009568910811751,1.0170248692990869,0.6269464650670956,48,45,704,264,440
syndrome_velocity,random_05,10000.0,-0.11680318627909592,-0.11537814841381078,1.0194417854636877,0.6318263976230847,48,45,704,264,440
syndrome_velocity,random_06,10000.0,-0.12755255809882038,-0.12067794708184643,1.0218608903371484,0.6348184543713639,48,45,704,264,440
syndrome_velocity,random_07,10000.0,-0.11821078702878296,-0.11037258829089636,1.0171517033184034,0.628340523763596,48,45,704,264,440
syndrome_velocity,random_08,10000.0,-0.11336156174624645,-0.11733465379570829,1.020335504532241,0.6343890996236761,48,45,704,264,440
syndrome_velocity,random_09,10000.0,-0.12572319557011236,-0.11168503949496489,1.0177526582349226,0.6285262065836219,48,45,704,264,440
syndrome_velocity,random_10,10000.0,-0.12066408815887408,-0.11412842331548334,1.0188705087819447,0.6288868393402889,48,45,704,264,440
syndrome_velocity,random_11,10000.0,-0.11749408290934826,-0.11506409447978716,1.019298254660488,0.6314618057948778,48,45,704,264,440
syndrome_velocity,random_12,10000.0,-0.11739162878888054,-0.1124193145940573,1.0180887188309253,0.6300338679214358,48,45,704,264,440
syndrome_velocity,random_13,10000.0,-0.11614991077940862,-0.11254385152011515,1.0181457054768162,0.6291404537158258,48,45,704,264,440
syndrome_velocity,random_14,10000.0,-0.11251047205012643,-0.11759334340573857,1.0204536136936049,0.6358518823861196,48,45,704,264,440
syndrome_velocity,random_15,10000.0,-0.12686395635159076,-0.11433305891801404,1.0189640741210664,0.6301614116747178,48,45,704,264,440
future_train_loss,baseline,1.0,0.9706154340905195,0.9725712678597926,0.1555233597842262,0.09854473969135562,3,1,688,258,430
future_train_loss,dstm,100.0,0.8173494867058388,0.8407781185453409,0.3747090124892486,0.3193924934338814,48,1,688,258,430
future_train_loss,random_00,100.0,0.8213866904941598,0.9327612440072188,0.2435020366607587,0.19920358998097296,48,1,688,258,430
future_train_loss,random_01,100.0,0.733960281165495,0.9537572164646415,0.20193646393933362,0.1664596253350492,48,1,688,258,430
future_train_loss,random_02,100.0,0.8726353769246638,0.9375850869096649,0.23460482953005576,0.1962679576171905,48,1,688,258,430
future_train_loss,random_03,100.0,0.8824927828809229,0.8199189604192201,0.3984985611844464,0.3274178874992342,48,1,688,258,430
future_train_loss,random_04,100.0,0.9008364355267606,0.9020904761512677,0.29383615498246823,0.25759388738294653,48,1,688,258,430
future_train_loss,random_05,100.0,0.8581725286463053,0.9035709800820886,0.29160612342568987,0.2288823303983755,48,1,688,258,430
future_train_loss,random_06,100.0,0.8699768848699638,0.9218927852618187,0.2624450215305117,0.21987692461201055,48,1,688,258,430
future_train_loss,random_07,100.0,0.6906553786410035,0.8767656215886234,0.3296542677469476,0.2891532993508373,48,1,688,258,430
future_train_loss,random_08,100.0,0.9445363709926552,0.9199486784558973,0.2656911056532064,0.21421550042954948,48,1,688,258,430
future_train_loss,random_09,100.0,0.625483448157653,0.9689519036626936,0.16546656518708894,0.13431215282636902,48,1,688,258,430
future_train_loss,random_10,100.0,0.7547005669802828,0.925523679957393,0.2562724187560291,0.2097750703868723,48,1,688,258,430
future_train_loss,random_11,100.0,0.8612116486145627,0.9438676226701768,0.2224843570940781,0.17837764221152447,48,1,688,258,430
future_train_loss,random_12,100.0,0.8711918250533902,0.9646576092373507,0.1765390256408579,0.14348036436847536,48,1,688,258,430
future_train_loss,random_13,100.0,0.8116632801341448,0.9216633477549514,0.26283020090693426,0.21395489903705273,48,1,688,258,430
future_train_loss,random_14,100.0,0.8723616474554947,0.8393120048489574,0.3764302180173205,0.34307610742708505,48,1,688,258,430
future_train_loss,random_15,100.0,0.8839645751186552,0.8873405453342487,0.31519301568377794,0.24403355009589306,48,1,688,258,430
future_validation_loss,baseline,1.0,0.9643980462975938,0.9735716878993594,0.15248793771045144,0.10000745086802487,3,1,688,258,430
future_validation_loss,dstm,100.0,0.7834829193235969,0.8491156921418767,0.3643533903120164,0.3039971912037807,48,1,688,258,430
future_validation_loss,random_00,100.0,0.7898004987327758,0.9275821347265018,0.25241992699036836,0.21424709443152573,48,1,688,258,430
future_validation_loss,random_01,100.0,0.6980829777471574,0.9495737934786487,0.21063421891027662,0.17106518845547264,48,1,688,258,430
future_validation_loss,random_02,100.0,0.8489764824851378,0.9326344413902724,0.24345558121737204,0.19706140875270672,48,1,688,258,430
future_validation_loss,random_03,100.0,0.8570616786632145,0.8007709584183915,0.4186750688020334,0.34217834429925703,48,1,688,258,430
future_validation_loss,random_04,100.0,0.887469136078545,0.8899703703722281,0.31113982494743975,0.26656775851162945,48,1,688,258,430
future_validation_loss,random_05,100.0,0.8178582240178408,0.8941044598388586,0.305238712119856,0.2380079597489799,48,1,688,258,430
future_validation_loss,random_06,100.0,0.8429022745294203,0.9248958432882597,0.2570589708892419,0.20815855718020082,48,1,688,258,430
future_validation_loss,random_07,1.0,0.7015923533738885,0.2172852518576226,0.8298556133154186,0.6546728300377093,48,1,688,258,430
future_validation_loss,random_08,100.0,0.9417140627950747,0.9090479744307862,0.2828830756814534,0.23010416939238287,48,1,688,258,430
future_validation_loss,random_09,100.0,0.530635575323716,0.9670707506658711,0.1702125949557915,0.13993309555716446,48,1,688,258,430
future_validation_loss,random_10,100.0,0.6928432584416182,0.9201936837738894,0.2649838525002834,0.21148106695769692,48,1,688,258,430
future_validation_loss,random_11,100.0,0.8280242601839869,0.935483729020037,0.23825136976103767,0.191753343319706,48,1,688,258,430
future_validation_loss,random_12,100.0,0.8334763715094518,0.9656053135540359,0.17395882068739918,0.14175970984111008,48,1,688,258,430
future_validation_loss,random_13,100.0,0.7872978009223066,0.9174389329439631,0.2695184039579948,0.22484761538796205,48,1,688,258,430
future_validation_loss,random_14,100.0,0.8541200348559967,0.8325097311714289,0.38388007175544336,0.3503900847485303,48,1,688,258,430
future_validation_loss,random_15,100.0,0.8783766271725226,0.8856866710501032,0.31713867951492003,0.2428695394844627,48,1,688,258,430
