seed,condition,method,selected_lambda,validation_mse,test_mse,coefficient_mse,truth_penalty_energy,estimate_penalty_energy
0,aligned_in_kernel,dstm_boundary,0.0,1.7450010971869638,1.82448534244555,0.02499663431673725,5.409193664393969e-18,0.8831146049930261
0,aligned_in_kernel,ridge,0.1,1.28071151144241,1.4345754972679996,0.018214873049392503,3.999999999999999,2.7945061015125408
0,aligned_in_kernel,isospectral_random,0.0,1.7450010971869638,1.82448534244555,0.02499663431673725,1.8106963860320346,1.7549944093347014
0,aligned_in_kernel,grid_laplacian,0.31622776601683794,1.4125024404483564,1.3656127816148118,0.01715118810512617,3.326223857249988,1.5674844955640086
0,isotropic,dstm_boundary,0.0,2.320478156830792,2.2826575462236915,0.03212981311230862,2.4258969292094426,2.5450403064452702
0,isotropic,ridge,0.1,2.019224305642661,1.904358926757296,0.025527789337367,4.0,2.5843374754694572
0,isotropic,isospectral_random,0.0,2.320478156830792,2.2826575462236915,0.03212981311230862,2.1505709381281726,2.0299293576660613
0,isotropic,grid_laplacian,0.0,2.320478156830792,2.2826575462236915,0.03212981311230862,4.324191852713142,4.010648576037043
0,permuted_misaligned,dstm_boundary,0.0,2.163680014023937,2.2436669754883156,0.032021002047745474,1.7060523906016631,2.061547152038596
0,permuted_misaligned,ridge,0.1,1.6614572645582735,1.6399769168142264,0.02170409644586655,3.999999999999999,2.9602988558015633
0,permuted_misaligned,isospectral_random,0.0,2.163680014023937,2.2436669754883156,0.032021002047745474,1.800839698985767,1.9257342871460787
0,permuted_misaligned,grid_laplacian,0.31622776601683794,2.0232320451326262,2.540965718142533,0.03480820230159953,3.502278931505278,1.423473781377922
1,aligned_in_kernel,dstm_boundary,1000.0,1.0929198655501262,1.0924474218111544,0.012819458447296131,-1.8804619660574518e-17,1.2604087689964871e-08
1,aligned_in_kernel,ridge,0.03162277660168379,1.6970527407267366,2.04979612112108,0.028343922878043295,4.0,3.0839797434062053
1,aligned_in_kernel,isospectral_random,0.0,1.8649645161653612,2.4534931227541397,0.034994326436278526,1.6369088837765036,1.7945967357896773
1,aligned_in_kernel,grid_laplacian,0.0,1.8649645161653612,2.4534931227541397,0.034994326436278526,3.442909716599491,3.2648327380429683
1,isotropic,dstm_boundary,0.0,2.541792369939401,2.703015281293401,0.0384079473093958,1.9260007724960062,1.2768121947316584
1,isotropic,ridge,0.1,2.1882498210736405,2.278492514889229,0.03216925404009171,4.000000000000002,2.0170867622758353
1,isotropic,isospectral_random,0.0,2.541792369939401,2.703015281293401,0.0384079473093958,1.1273193199646871,1.4260236775598858
1,isotropic,grid_laplacian,0.1,2.2905493305300295,2.585823761914706,0.03618260587060056,4.349224852038211,1.8045495539046703
1,permuted_misaligned,dstm_boundary,0.0,1.525486566752713,1.784104345704554,0.02584092082519452,1.588719407154176,1.6675185122178822
1,permuted_misaligned,ridge,0.1,1.1695003064479117,1.3950615100547168,0.018940371029216717,4.0,2.688065672435055
1,permuted_misaligned,isospectral_random,0.0,1.525486566752713,1.784104345704554,0.02584092082519452,1.47506622889631,1.65735249709115
1,permuted_misaligned,grid_laplacian,0.1,1.230523064162894,1.203756597246904,0.01639152655410285,3.719115679671406,2.2529553980935355
2,aligned_in_kernel,dstm_boundary,1000.0,0.6109070354894848,0.6656924153031386,0.006082462025689402,3.5240242240585e-18,6.262788993250523e-08
2,aligned_in_kernel,ridge,0.1,2.004229496884699,1.4009340869511233,0.020043585532344053,4.0,2.940349549917566
2,aligned_in_kernel,isospectral_random,0.0,2.2191623323008924,1.8329781677623456,0.025713437471656955,1.5045648781206085,1.705535329616535
2,aligned_in_kernel,grid_laplacian,0.0,2.2191623323008924,1.8329781677623456,0.025713437471656955,3.6348864650636457,4.21492878591504
2,isotropic,dstm_boundary,0.0,2.1130244821370963,1.9088697558267071,0.02699641565221433,1.8974518217155372,2.429358467373226
2,isotropic,ridge,0.03162277660168379,1.9583633650808598,1.7022450979178623,0.023523600032008343,4.000000000000001,3.0865234993369595
2,isotropic,isospectral_random,0.0,2.1130244821370963,1.9088697558267071,0.02699641565221433,1.8505737342922688,1.569484687080094
2,isotropic,grid_laplacian,0.0,2.1130244821370963,1.9088697558267071,0.02699641565221433,4.202242133454047,3.7145985105023507
2,permuted_misaligned,dstm_boundary,0.0,2.274333697930549,2.3861485009614665,0.03272344901555342,1.5478825042154867,0.8414502296268833
2,permuted_misaligned,ridge,0.1,2.1386357880265177,2.1980726573211813,0.029803399991575476,4.0,1.9135800942208978
2,permuted_misaligned,isospectral_random,0.0,2.274333697930549,2.3861485009614665,0.03272344901555342,1.351959908678222,1.0473075246301278
2,permuted_misaligned,grid_laplacian,0.0,2.274333697930549,2.3861485009614665,0.03272344901555342,4.267729770785059,2.8283051188424784
3,aligned_in_kernel,dstm_boundary,3.1622776601683795,0.7611509677485233,1.1383585033408643,0.013569120828420971,-5.2259251935007e-18,0.0012462032820735182
3,aligned_in_kernel,ridge,0.1,1.6508705111173665,1.7089830874557106,0.023933806338847126,3.999999999999999,2.6353630580889504
3,aligned_in_kernel,isospectral_random,0.0,2.2531438083330744,2.5209063868467907,0.03813305372270774,2.4210105200163685,2.1734526993286902
3,aligned_in_kernel,grid_laplacian,0.0,2.2531438083330744,2.5209063868467907,0.03813305372270774,3.9448681494595284,4.1223511292193535
3,isotropic,dstm_boundary,0.0,1.727279616148545,2.1996047169069883,0.03177286921713054,1.733635935577965,1.701909532150173
3,isotropic,ridge,0.1,1.3417182245019352,1.6489667159809447,0.022153689034646623,4.0,2.63140368032927
3,isotropic,isospectral_random,0.0,1.727279616148545,2.1996047169069883,0.03177286921713054,1.5695388180994572,1.7829067475161051
3,isotropic,grid_laplacian,0.1,1.4736254277445866,1.9808954056913746,0.02642428944989495,3.9159129197666362,2.2743568119093256
3,permuted_misaligned,dstm_boundary,0.0,1.7745662729061642,2.448710757220492,0.03336696493276186,1.1795622563040578,1.65585054354214
3,permuted_misaligned,ridge,0.1,1.3367015075021367,1.7119068652761122,0.021551709932850067,3.999999999999999,2.6919836275036815
3,permuted_misaligned,isospectral_random,0.0,1.7745662729061642,2.448710757220492,0.03336696493276186,1.9862598392960984,2.3335819019516117
3,permuted_misaligned,grid_laplacian,0.0,1.7745662729061642,2.448710757220492,0.03336696493276186,4.095987065061592,4.294029122228778
4,aligned_in_kernel,dstm_boundary,1000.0,0.5538846471893444,0.5779629957089825,0.00537312084813438,-1.753546798531719e-18,1.788646748508688e-08
4,aligned_in_kernel,ridge,0.03162277660168379,1.4122483698081676,1.2656416196908313,0.016388093310224228,4.0,3.1348363466322082
4,aligned_in_kernel,isospectral_random,0.0,1.49729701976835,1.3672517845438983,0.018155878683714693,2.3480301455142785,2.0011320027714152
4,aligned_in_kernel,grid_laplacian,0.03162277660168379,1.1682001473481707,1.1180794992287701,0.013524335121403913,2.775271181205711,2.1476983660611504
4,isotropic,dstm_boundary,0.0,1.6772205946847736,1.6942817463335702,0.0249946633986848,1.6564383236075702,1.3926443846118435
4,isotropic,ridge,0.03162277660168379,1.5111405927729482,1.571119202691478,0.022977592224309448,4.0,2.6479495993395163
4,isotropic,isospectral_random,0.0,1.6772205946847736,1.6942817463335702,0.0249946633986848,1.2628772135836828,0.9556318128420034
4,isotropic,grid_laplacian,0.0,1.6772205946847736,1.6942817463335702,0.0249946633986848,3.6030154428677976,2.808791955396888
4,permuted_misaligned,dstm_boundary,0.0,2.3327997013013064,1.6867670130969075,0.024070363286692376,1.2441276440850033,1.0053097093857786
4,permuted_misaligned,ridge,0.1,2.092197975880401,1.5443772123007036,0.021195010944696432,4.0,2.584095661745942
4,permuted_misaligned,isospectral_random,0.0,2.3327997013013064,1.6867670130969075,0.024070363286692376,1.0558337870340113,1.0023102232371823
4,permuted_misaligned,grid_laplacian,0.0,2.3327997013013064,1.6867670130969075,0.024070363286692376,3.929807240137537,2.8025458657628874
5,aligned_in_kernel,dstm_boundary,1000.0,0.6702873658593064,0.6600250869151192,0.0061179162435357395,1.21635641647307e-17,5.849850263803881e-08
5,aligned_in_kernel,ridge,0.01,1.770841375114074,1.5631481231309268,0.021162158333981267,4.000000000000001,3.40354396966614
5,aligned_in_kernel,isospectral_random,0.0,1.7826701331080619,1.573372764003135,0.021407624304137944,1.7407192196716186,2.0746885790859846
5,aligned_in_kernel,grid_laplacian,0.1,1.6225220311059427,1.605362946252916,0.020897297881345107,2.9212782415233143,1.778147810599052
5,isotropic,dstm_boundary,0.0,1.5486780742439015,1.3001616447823316,0.017844205344150002,0.9558972096226226,0.8865105156862726
5,isotropic,ridge,0.1,1.3676217043405903,1.240406544264371,0.016729973036953505,3.9999999999999996,2.9117865077657523
5,isotropic,isospectral_random,0.0,1.5486780742439015,1.3001616447823316,0.017844205344150002,2.0788790867110767,1.571553345880635
5,isotropic,grid_laplacian,0.0,1.5486780742439015,1.3001616447823316,0.017844205344150002,4.519463536712741,4.2791013415409225
5,permuted_misaligned,dstm_boundary,0.0,2.0593904413492075,2.1105289997095387,0.028425985350821487,1.1943062138494283,1.0982305768785565
5,permuted_misaligned,ridge,0.1,1.6257787228281229,1.8967612049127183,0.025159799465949297,4.000000000000001,1.9374660018028842
5,permuted_misaligned,isospectral_random,0.0,2.0593904413492075,2.1105289997095387,0.028425985350821487,1.509138816936173,1.463391031183997
5,permuted_misaligned,grid_laplacian,0.31622776601683794,1.782008034941704,2.0344410687743153,0.02757104800387224,3.130622330855348,0.8213227456563852
6,aligned_in_kernel,dstm_boundary,10.0,1.338891987146315,1.4462709145423003,0.018966357192908793,4.987580935756543e-18,0.00038118103496348563
6,aligned_in_kernel,ridge,0.1,2.70027581667137,2.154406165483641,0.03116246409842156,4.0,2.07135719133055
6,aligned_in_kernel,isospectral_random,0.0,3.1556988529499668,2.5705561349559476,0.038347208015100206,1.3212494459416257,1.56188142085177
6,aligned_in_kernel,grid_laplacian,0.1,2.279512468179754,1.8260847350828908,0.025813257175269777,3.571354572245659,1.8873894960009001
6,isotropic,dstm_boundary,0.0,1.645069008368641,1.6710658187786998,0.025003314860216792,2.046790190447247,1.7579131652268976
6,isotropic,ridge,0.03162277660168379,1.5496908018973767,1.548730089679882,0.022500143217686647,4.0,3.389944064832638
6,isotropic,isospectral_random,0.0,1.645069008368641,1.6710658187786998,0.025003314860216792,2.093642794682486,1.735584335940651
6,isotropic,grid_laplacian,0.0,1.645069008368641,1.6710658187786998,0.025003314860216792,3.4676819454755448,3.9365982508449937
6,permuted_misaligned,dstm_boundary,0.0,2.27800145360027,2.306045351500428,0.0341876906939189,2.1205748455063964,1.4860733319592723
6,permuted_misaligned,ridge,0.31622776601683794,1.8290327936518125,2.084369410264614,0.029580525875618324,4.0,1.5851184254908808
6,permuted_misaligned,isospectral_random,0.0,2.27800145360027,2.306045351500428,0.0341876906939189,1.6556189096230982,1.0311419311692136
6,permuted_misaligned,grid_laplacian,0.1,1.8873318644649644,2.0963109271473064,0.029819548117243414,3.8802250487628136,2.2761076460911416
7,aligned_in_kernel,dstm_boundary,1000.0,1.1934481128080492,1.3286286694760816,0.016534579801187638,-2.030516843064367e-18,6.651951440507612e-08
7,aligned_in_kernel,ridge,0.31622776601683794,1.6592495786843453,1.5895150590554321,0.022448147898426838,4.0,1.9175387218318025
7,aligned_in_kernel,isospectral_random,0.0,2.8259271072006706,2.531346117324394,0.03832416871846435,1.742734062633419,2.193751414842363
7,aligned_in_kernel,grid_laplacian,0.31622776601683794,2.2360681810190197,2.5181228613329343,0.03677257889260274,4.209426609005935,1.660460775798073
7,isotropic,dstm_boundary,0.0,3.0944365433272374,2.4348931467750883,0.03618334498350529,1.5585585363361274,1.820887108344623
7,isotropic,ridge,0.31622776601683794,1.7099617451499753,1.4783830119044317,0.019767032683489703,4.000000000000002,2.016495272260471
7,isotropic,isospectral_random,0.0,3.0944365433272374,2.4348931467750883,0.03618334498350529,1.3283052116608558,1.5316282468165823
7,isotropic,grid_laplacian,0.31622776601683794,2.2036568884883776,2.1134062541467973,0.029803371082504273,4.13896929586498,1.6705646726865275
7,permuted_misaligned,dstm_boundary,0.0,3.4224166763558443,2.952347277656591,0.04040955744586461,2.0994086719421023,2.690176438005099
7,permuted_misaligned,ridge,0.31622776601683794,1.9528912179819953,1.8439145582490841,0.0229541215066304,4.0,1.9624835201372497
7,permuted_misaligned,isospectral_random,0.0,3.4224166763558443,2.952347277656591,0.04040955744586461,2.2303649533583805,2.8870515567465214
7,permuted_misaligned,grid_laplacian,0.31622776601683794,2.761486514982537,2.780005104773778,0.035269623677752035,3.5277271041444846,1.5725690278336804
8,aligned_in_kernel,dstm_boundary,1000.0,1.132814950423933,1.1830243278904202,0.013598582169064701,-9.869041008880964e-18,2.7016906637919186e-08
8,aligned_in_kernel,ridge,0.1,1.3214156499785426,1.42537114833691,0.018123748978274415,4.000000000000001,2.574692908664986
8,aligned_in_kernel,isospectral_random,0.0,1.61155332502311,1.5232011202646816,0.02043493073662208,2.1864888746474755,2.4348828550505566
8,aligned_in_kernel,grid_laplacian,0.0,1.61155332502311,1.5232011202646816,0.02043493073662208,3.0842116134697353,3.363425649479299
8,isotropic,dstm_boundary,0.0,2.0350722274934085,2.1244654570659387,0.03042914410058195,2.1237563514080056,2.0912034465414426
8,isotropic,ridge,0.1,1.7285420374353428,1.9531504171390308,0.027152002488189254,3.999999999999999,2.400506857610076
8,isotropic,isospectral_random,0.0,2.0350722274934085,2.1244654570659387,0.03042914410058195,1.4066791244726673,1.7372760176291098
8,isotropic,grid_laplacian,0.03162277660168379,1.4152039607989622,1.7148744496935775,0.02349309251267584,3.3707473575938574,2.4892151157507545
8,permuted_misaligned,dstm_boundary,0.0,1.2741782099595298,1.5847080658204868,0.020142911650851348,1.6923672533887832,1.3999238610855689
8,permuted_misaligned,ridge,0.03162277660168379,1.2027849193309996,1.43278586099512,0.017691123059196685,4.000000000000001,3.249343021764712
8,permuted_misaligned,isospectral_random,0.0,1.2741782099595298,1.5847080658204868,0.020142911650851348,1.64965635060567,1.184133677413686
8,permuted_misaligned,grid_laplacian,0.0,1.2741782099595298,1.5847080658204868,0.020142911650851348,3.2265089209967517,2.8827779563214198
9,aligned_in_kernel,dstm_boundary,1000.0,0.5893703481154982,0.6285286463696304,0.006155885814785106,9.917580255787323e-18,4.2220406098771566e-08
9,aligned_in_kernel,ridge,0.03162277660168379,1.5397610161935087,1.7209492428568793,0.022363445203335074,4.000000000000001,2.9722033981008797
9,aligned_in_kernel,isospectral_random,0.0,1.5721165723323736,1.7820003129659763,0.023196591274962455,1.3655697443484138,1.145071542711354
9,aligned_in_kernel,grid_laplacian,0.0,1.5721165723323736,1.7820003129659763,0.023196591274962455,3.768343550147537,3.08274388226846
9,isotropic,dstm_boundary,0.0,1.4355028360890412,1.5529303265996655,0.0195588935217584,1.4709370781169238,1.1516221148471009
9,isotropic,ridge,0.1,1.3030684282610594,1.5259178976216083,0.018619596534246115,3.9999999999999996,2.183113923364708
9,isotropic,isospectral_random,0.0,1.4355028360890412,1.5529303265996655,0.0195588935217584,1.2375913353349117,1.157833149863031
9,isotropic,grid_laplacian,0.03162277660168379,1.2106607275414691,1.4366543226837265,0.017840975970920315,3.7741105792058782,2.3482600526847253
9,permuted_misaligned,dstm_boundary,0.0,1.2473624150194411,1.3993968766535296,0.01788718847471188,1.6947694511892184,1.866153655333818
9,permuted_misaligned,ridge,0.1,0.8985184931051436,1.0930069950763468,0.01413902550344606,4.0,3.1715787877310535
9,permuted_misaligned,isospectral_random,0.0,1.2473624150194411,1.3993968766535296,0.01788718847471188,2.342071472810777,2.344721631797305
9,permuted_misaligned,grid_laplacian,0.1,0.8758784031922444,1.075332901963216,0.013341207502623659,3.0592309170386867,2.2010391054496874
10,aligned_in_kernel,dstm_boundary,1000.0,0.7122141661876136,0.6495849656832524,0.006628433583226205,9.212036580645121e-18,2.1764331822536587e-08
10,aligned_in_kernel,ridge,0.03162277660168379,1.868346792402175,1.473377975823564,0.020296022196132378,3.9999999999999996,2.8979607002457572
10,aligned_in_kernel,isospectral_random,0.0,2.1615117031016524,1.6949644910325958,0.02402480398934558,1.0449700648655118,1.180007175857777
10,aligned_in_kernel,grid_laplacian,0.1,2.023972881084941,1.6755613383126338,0.02202966123858103,3.6691407834860095,2.0591040568024797
10,isotropic,dstm_boundary,0.0,2.600291552332691,2.0107637270159393,0.027574729867667683,1.5122439240057683,2.014558351190721
10,isotropic,ridge,0.1,1.8169451115971265,1.4762227765016265,0.019900503349612852,3.999999999999999,2.991213067723648
10,isotropic,isospectral_random,0.0,2.600291552332691,2.0107637270159393,0.027574729867667683,1.3513472155656485,1.9408719329951138
10,isotropic,grid_laplacian,0.0,2.600291552332691,2.0107637270159393,0.027574729867667683,4.413500001753073,4.791508895508684
10,permuted_misaligned,dstm_boundary,0.0,2.1872617348327266,1.985044591133912,0.027338287749957713,1.3526185691537327,1.1239115526071077
10,permuted_misaligned,ridge,0.03162277660168379,2.120073089769022,1.9454815630104663,0.026435210723534316,3.9999999999999996,2.5375843240324856
10,permuted_misaligned,isospectral_random,0.0,2.1872617348327266,1.985044591133912,0.027338287749957713,0.9609891223637961,0.8291324845604119
10,permuted_misaligned,grid_laplacian,0.0,2.1872617348327266,1.985044591133912,0.027338287749957713,3.8407250581937658,3.0107042965692763
11,aligned_in_kernel,dstm_boundary,10.0,0.5111941947404772,0.5785821328510455,0.005361985363400815,3.866249441434315e-18,0.00020025166816598416
11,aligned_in_kernel,ridge,0.0,2.148881145734051,2.1225169187601676,0.02802326789647439,4.000000000000002,2.3152188189210143
11,aligned_in_kernel,isospectral_random,0.31622776601683794,1.6666617085776587,2.0686061616943077,0.028096686302150363,1.2624218134149503,0.38745581246649474
11,aligned_in_kernel,grid_laplacian,0.0,2.148881145734051,2.1225169187601676,0.02802326789647439,3.7058605569369654,2.259134792731298
11,isotropic,dstm_boundary,0.0,1.3778777032796903,1.6456017775612013,0.0208420991466133,1.6987505854104183,1.3797546714138391
11,isotropic,ridge,0.1,1.1924911080539977,1.5626452168694414,0.018977373678982272,3.9999999999999996,2.5997076573695432
11,isotropic,isospectral_random,0.0,1.3778777032796903,1.6456017775612013,0.0208420991466133,1.6802489805079959,1.132299617356633
11,isotropic,grid_laplacian,0.0,1.3778777032796903,1.6456017775612013,0.0208420991466133,4.554490030834231,3.230507556067004
11,permuted_misaligned,dstm_boundary,0.0,1.8958720369079114,1.6987979030978118,0.022398455975826806,1.7429494660184708,1.4245915530092015
11,permuted_misaligned,ridge,0.03162277660168379,1.8284609742500066,1.6042724100282464,0.02116520526041519,4.000000000000001,3.1296184964359455
11,permuted_misaligned,isospectral_random,0.0,1.8958720369079114,1.6987979030978118,0.022398455975826806,2.7381161773111167,1.9561216285096972
11,permuted_misaligned,grid_laplacian,0.0,1.8958720369079114,1.6987979030978118,0.022398455975826806,4.290744291149986,3.624324658255701
12,aligned_in_kernel,dstm_boundary,1000.0,0.8592320423310296,0.7844240646992494,0.007999783278503815,2.102724397710494e-18,3.880049830236817e-08
12,aligned_in_kernel,ridge,0.31622776601683794,1.4071673089609398,1.5887276546163722,0.02196348131811042,4.000000000000001,1.8786605392089033
12,aligned_in_kernel,isospectral_random,0.1,3.502210160225527,3.595218100878456,0.05285389741576723,1.7656494890197196,0.7969188074954036
12,aligned_in_kernel,grid_laplacian,0.31622776601683794,1.800562329869422,1.8935805855520764,0.026967180687522643,3.793690055846062,1.634335549146225
12,isotropic,dstm_boundary,0.0,3.2200449337778108,3.3462003814984707,0.04902125159093364,1.339958946881055,2.6656334039436302
12,isotropic,ridge,0.1,1.4800447475405152,1.4790821949015376,0.018581996458729436,3.999999999999999,2.747796942731315
12,isotropic,isospectral_random,0.0,3.2200449337778108,3.3462003814984707,0.04902125159093364,2.306225272950366,2.509540437422533
12,isotropic,grid_laplacian,0.1,1.4020427222357708,1.5168486376226291,0.01976120768007928,3.807008096646354,2.354585062477004
12,permuted_misaligned,dstm_boundary,0.0,3.8271169183404283,3.6657798797510965,0.05518709003687321,1.3457401674632836,2.149456996067391
12,permuted_misaligned,ridge,0.1,1.7235052420787491,1.651359223754378,0.02310873835249713,4.0,2.5966139036565163
12,permuted_misaligned,isospectral_random,0.0,3.8271169183404283,3.6657798797510965,0.05518709003687321,1.8796857296819853,3.528491142758866
12,permuted_misaligned,grid_laplacian,0.31622776601683794,2.056677135483737,2.1673086986881147,0.03006647660906301,3.8562703481739136,1.4395158112524427
13,aligned_in_kernel,dstm_boundary,1000.0,0.9076437391251471,0.791605066022273,0.00912501554967506,1.3141596160400431e-17,2.6709999300665834e-08
13,aligned_in_kernel,ridge,0.01,1.178894120390031,1.3056952042034182,0.016443600163151755,4.0,3.2840642450264483
13,aligned_in_kernel,isospectral_random,0.0,1.198003819076062,1.379298621841075,0.017249783241109713,1.602114710641776,1.6841116870346506
13,aligned_in_kernel,grid_laplacian,0.0,1.198003819076062,1.379298621841075,0.017249783241109713,3.0848649406755486,2.9690311608857884
13,isotropic,dstm_boundary,0.0,1.7875351910376138,1.7909733915490271,0.023457839517494666,1.7681034813127519,1.2904343248129888
13,isotropic,ridge,0.03162277660168379,1.7604305854432742,1.7913675992006082,0.023430771533429012,4.000000000000001,2.3249433712014382
13,isotropic,isospectral_random,0.0,1.7875351910376138,1.7909733915490271,0.023457839517494666,2.268583843245405,1.44234950938573
13,isotropic,grid_laplacian,0.01,1.6229402590848654,1.4901430063979024,0.019518737509357897,3.770630548445574,2.472140984305115
13,permuted_misaligned,dstm_boundary,0.0,2.5672796762824355,2.1877570942281013,0.029474383743516446,1.4867527707092494,1.1886293563209533
13,permuted_misaligned,ridge,0.03162277660168379,2.5292972736383112,2.1204721624478418,0.028773238685370576,4.0,2.315572184449721
13,permuted_misaligned,isospectral_random,0.0,2.5672796762824355,2.1877570942281013,0.029474383743516446,2.141346870463011,1.257889727637971
13,permuted_misaligned,grid_laplacian,0.03162277660168379,2.2929829410713123,1.968499494110389,0.026332318356771085,3.7183352833523116,2.1823140645434
14,aligned_in_kernel,dstm_boundary,31.622776601683793,0.8872071485417099,0.9261272941196481,0.011733951374154675,4.5889070674330935e-18,6.947972415196767e-05
14,aligned_in_kernel,ridge,0.1,1.9767613559396107,1.8156211134401912,0.025847226482025948,4.000000000000001,2.2448829371975894
14,aligned_in_kernel,isospectral_random,0.0,2.6973433780699247,2.433947908735819,0.036522204629429,1.4542026514067812,1.674259899212032
14,aligned_in_kernel,grid_laplacian,0.1,1.6786105977266235,1.571348944677522,0.021818285972720446,3.1237546300825647,1.7696563525373787
14,isotropic,dstm_boundary,0.0,2.339912301159382,2.302199679372501,0.03408316824882385,1.7752776079697823,1.9472024336572682
14,isotropic,ridge,0.31622776601683794,1.6031222761808879,1.7213130146888878,0.0234702303776555,4.0,1.9584809140403348
14,isotropic,isospectral_random,0.0,2.339912301159382,2.302199679372501,0.03408316824882385,2.284472422882959,1.832622124913831
14,isotropic,grid_laplacian,0.0,2.339912301159382,2.302199679372501,0.03408316824882385,4.576599901970331,3.9796191710927955
14,permuted_misaligned,dstm_boundary,0.0,2.2895994839476987,2.4094832155859622,0.03726683349343852,0.9322013088781884,1.37260819649337
14,permuted_misaligned,ridge,0.03162277660168379,1.868065165362594,1.9346413650800067,0.02846512869835395,4.000000000000001,3.0144120122942093
14,permuted_misaligned,isospectral_random,0.0,2.2895994839476987,2.4094832155859622,0.03726683349343852,2.3249199746302764,1.8709938885992943
14,permuted_misaligned,grid_laplacian,0.1,2.1000150492911565,2.148603120394106,0.03170561788535233,3.746033587400693,1.8206008908282878
15,aligned_in_kernel,dstm_boundary,3.1622776601683795,0.8899050301665237,1.0312514377360857,0.012060381989728659,2.837651211438517e-18,0.0028004784405883726
15,aligned_in_kernel,ridge,0.1,0.9192712215555424,1.210739136596161,0.014935129528134996,3.999999999999999,3.1108619343020916
15,aligned_in_kernel,isospectral_random,0.0,1.180445169281619,1.688296015419319,0.022493620156379325,2.1609621603110476,2.5082730254723016
15,aligned_in_kernel,grid_laplacian,0.0,1.180445169281619,1.688296015419319,0.022493620156379325,4.08651993838577,4.870186925098837
15,isotropic,dstm_boundary,0.0,2.2612093261544453,2.6997349197197966,0.03795208395451932,1.3290521917327318,1.3675372568942064
15,isotropic,ridge,0.1,2.104414494346319,2.343674062024327,0.032488205970172546,3.999999999999999,2.0473239952710816
15,isotropic,isospectral_random,0.0,2.2612093261544453,2.6997349197197966,0.03795208395451932,1.3882915885199234,1.3880032210765345
15,isotropic,grid_laplacian,0.03162277660168379,1.9552460697454812,2.4157370715872095,0.03149566719883991,3.2983022426573503,2.276874313206161
15,permuted_misaligned,dstm_boundary,0.0,1.0130040726552287,1.6566034722026337,0.020227889869111355,1.221241658238303,1.438887393795043
15,permuted_misaligned,ridge,0.03162277660168379,0.8920549140754792,1.4011158742285774,0.016501964665692148,3.9999999999999996,3.3380880502556636
15,permuted_misaligned,isospectral_random,0.0,1.0130040726552287,1.6566034722026337,0.020227889869111355,1.8086573721349988,1.9652760210920703
15,permuted_misaligned,grid_laplacian,0.0,1.0130040726552287,1.6566034722026337,0.020227889869111355,2.49291496388131,2.665556020675588
16,aligned_in_kernel,dstm_boundary,10.0,1.1812050021153828,1.119951161439285,0.013432200382075996,3.952614706896434e-18,0.0002736635406733703
16,aligned_in_kernel,ridge,0.1,1.3586414082025124,1.4967428989455263,0.018345951922536574,3.9999999999999996,2.7039582139849356
16,aligned_in_kernel,isospectral_random,0.0,1.5855307326832078,1.8412893569353361,0.02417230163027255,2.2853004283751908,1.7466352903952846
16,aligned_in_kernel,grid_laplacian,0.0,1.5855307326832078,1.8412893569353361,0.02417230163027255,3.121016012528439,3.296504286055441
16,isotropic,dstm_boundary,0.0,1.444802164380449,1.4158815626566361,0.018899997580820525,1.527199908361652,1.511925784205955
16,isotropic,ridge,0.03162277660168379,1.3285786595454283,1.2931141896431666,0.016568322645410576,4.0,3.096757012461692
16,isotropic,isospectral_random,0.0,1.444802164380449,1.4158815626566361,0.018899997580820525,1.098232966966743,1.444626861539065
16,isotropic,grid_laplacian,0.0,1.444802164380449,1.4158815626566361,0.018899997580820525,3.6534815559539577,3.9707737331242177
16,permuted_misaligned,dstm_boundary,0.0,2.306255762752798,2.4733799551390234,0.03344954790014051,1.784843922946657,0.9399325216188784
16,permuted_misaligned,ridge,0.1,2.064705575779918,2.2487097573609445,0.028866134971640728,3.999999999999999,2.3638900971319976
16,permuted_misaligned,isospectral_random,0.0,2.306255762752798,2.4733799551390234,0.03344954790014051,2.3462841834537382,2.1133993767092236
16,permuted_misaligned,grid_laplacian,0.0,2.306255762752798,2.4733799551390234,0.03344954790014051,4.09096051500709,3.051644341410399
17,aligned_in_kernel,dstm_boundary,1000.0,0.693368066064771,0.6887177625333203,0.007125929284114255,-2.1453868223305047e-18,3.2097686143732544e-08
17,aligned_in_kernel,ridge,0.03162277660168379,1.9366892223814411,2.0546746781024297,0.02748815952058859,4.0,2.3793441540481943
17,aligned_in_kernel,isospectral_random,0.0,2.007969115342798,2.250160256804632,0.03052110074892133,1.5390477518930101,1.1989771999648993
17,aligned_in_kernel,grid_laplacian,0.03162277660168379,1.691223546200328,1.8483287885379098,0.024955867661310548,2.975890581564405,1.6982113669180636
17,isotropic,dstm_boundary,0.0,1.9172422804231382,2.151946930664719,0.028714487070060007,1.3769956689591236,1.3590147641514636
17,isotropic,ridge,0.1,1.6689057123862363,1.8454879105224702,0.02437822547267879,4.0,2.1008774484768313
17,isotropic,isospectral_random,0.0,1.9172422804231382,2.151946930664719,0.028714487070060007,2.0449928083861866,1.244548419267414
17,isotropic,grid_laplacian,0.03162277660168379,1.8103348994257977,2.099210073362719,0.027879388186792836,4.326896492044565,2.639148402298366
17,permuted_misaligned,dstm_boundary,0.0,1.9153979545589852,1.818813834446474,0.025348178358511844,1.3635785472286188,1.2790212495130246
17,permuted_misaligned,ridge,0.1,1.6278074442210058,1.6404468795695621,0.022761608277474463,4.000000000000001,2.040027822182035
17,permuted_misaligned,isospectral_random,0.0,1.9153979545589852,1.818813834446474,0.025348178358511844,1.58466123749978,1.3474267904872144
17,permuted_misaligned,grid_laplacian,0.0,1.9153979545589852,1.818813834446474,0.025348178358511844,3.8194553413395136,3.124515447167999
18,aligned_in_kernel,dstm_boundary,1000.0,1.3950999830455773,1.5237876795940206,0.019575053378069515,2.0323850834482654e-18,2.596742264019685e-08
18,aligned_in_kernel,ridge,0.1,1.618397058919234,1.9284705204747565,0.02535153711746517,4.000000000000001,2.517426503031483
18,aligned_in_kernel,isospectral_random,0.0,2.110914205420533,2.7296174844672576,0.03761498824124833,1.721744430414467,1.7163777428043665
18,aligned_in_kernel,grid_laplacian,0.0,2.110914205420533,2.7296174844672576,0.03761498824124833,3.6225341706089074,4.018445638715759
18,isotropic,dstm_boundary,0.0,2.225244678546169,2.130906449439774,0.029448995418317123,1.983654519113985,3.2096498521164376
18,isotropic,ridge,0.31622776601683794,1.4594718213212756,1.5413126351512236,0.020644930926632332,4.0,2.1616397631517223
18,isotropic,isospectral_random,0.0,2.225244678546169,2.130906449439774,0.029448995418317123,1.4051324920606965,1.631037338898747
18,isotropic,grid_laplacian,0.1,1.6922773656953962,1.6523020059405857,0.022210711176923234,3.8859285766498273,2.6921238036140287
18,permuted_misaligned,dstm_boundary,0.1,1.953751334272959,2.2174046751624443,0.029986364191261203,1.5298051766186638,0.5773568714779416
18,permuted_misaligned,ridge,0.1,2.51404456551965,2.4720367665816907,0.034993660616327825,4.0,1.6196206936425717
18,permuted_misaligned,isospectral_random,0.0,2.88421885218054,2.847042913977945,0.041455959412596693,2.4823579423830444,1.1799269145046443
18,permuted_misaligned,grid_laplacian,0.1,2.7835243117873674,2.7023606327342993,0.03769026030438666,4.08665491576817,1.6470127719480274
19,aligned_in_kernel,dstm_boundary,1000.0,0.7565263323124533,0.6142951880746251,0.006068322712811077,-4.200086151080512e-18,1.8808560461988987e-08
19,aligned_in_kernel,ridge,0.03162277660168379,1.8961380019368828,1.7148044897223542,0.02438470382965561,4.0,2.9458317959524547
19,aligned_in_kernel,isospectral_random,0.0,2.03892536265791,1.824911123825148,0.02708824866082747,1.5685793495770224,1.5319818148802735
19,aligned_in_kernel,grid_laplacian,0.1,1.7332331859437273,1.7263908920664737,0.022203299794581036,3.8407945149643097,2.0955955755201865
19,isotropic,dstm_boundary,0.0,1.6349614840350846,1.3058790520393238,0.016642693401218548,1.5984907885743502,1.6868559860743282
19,isotropic,ridge,0.1,1.4552737942355014,1.241886140260213,0.015101961772055509,4.0,2.5616774047222526
19,isotropic,isospectral_random,0.0,1.6349614840350846,1.3058790520393238,0.016642693401218548,2.0264155533229036,1.7373320350312638
19,isotropic,grid_laplacian,0.0,1.6349614840350846,1.3058790520393238,0.016642693401218548,4.189624063730976,4.2537939253986385
19,permuted_misaligned,dstm_boundary,0.0,2.176024856724192,1.8257206855273895,0.025389717929880956,1.9847731895359002,1.1593797190569908
19,permuted_misaligned,ridge,0.03162277660168379,2.0738015904752034,1.6801374789457666,0.023179377271806318,4.0,2.6822157425139315
19,permuted_misaligned,isospectral_random,0.0,2.176024856724192,1.8257206855273895,0.025389717929880956,1.3889100566730253,1.5227259013485446
19,permuted_misaligned,grid_laplacian,0.0,2.176024856724192,1.8257206855273895,0.025389717929880956,4.025483176798856,3.1972141431115557
20,aligned_in_kernel,dstm_boundary,0.31622776601683794,1.0498603689669104,0.8447697062303091,0.009346927844052225,-4.475501701258369e-18,0.023282422280123165
20,aligned_in_kernel,ridge,0.03162277660168379,1.3917825049464119,1.209263888628806,0.016929936288278248,4.0,3.458340980301684
20,aligned_in_kernel,isospectral_random,0.0,1.5089503028195999,1.2931033761624138,0.018627449433827527,1.936817452016447,2.2001464278492384
20,aligned_in_kernel,grid_laplacian,0.1,1.175281405059593,1.1080519969800635,0.014390129404359416,2.331452228803957,1.688327013242707
20,isotropic,dstm_boundary,0.0,1.407580194591261,1.11874456121425,0.015053706832953581,1.3740438045369516,1.2037163019747472
20,isotropic,ridge,0.03162277660168379,1.2781257262975667,1.1468386616710853,0.01455486994897047,4.000000000000001,3.057929226770557
20,isotropic,isospectral_random,0.0,1.407580194591261,1.11874456121425,0.015053706832953581,1.972250018171754,1.5690485848329883
20,isotropic,grid_laplacian,0.0,1.407580194591261,1.11874456121425,0.015053706832953581,3.7158521010799994,3.991832176009693
20,permuted_misaligned,dstm_boundary,0.0,2.3360436583234354,1.6323307875886548,0.024102658490919138,2.029224065488449,1.7707586300691671
20,permuted_misaligned,ridge,0.1,2.099765911432268,1.7757922200980047,0.023464495558517033,4.0,2.3734106713727057
20,permuted_misaligned,isospectral_random,0.0,2.3360436583234354,1.6323307875886548,0.024102658490919138,1.5948246804681863,1.4497031859998808
20,permuted_misaligned,grid_laplacian,0.0,2.3360436583234354,1.6323307875886548,0.024102658490919138,4.018260661031261,3.8178453744139116
21,aligned_in_kernel,dstm_boundary,3.1622776601683795,0.6819764907349526,0.5781214750311645,0.00514676128009561,4.73822790860942e-18,0.002966334345374237
21,aligned_in_kernel,ridge,0.03162277660168379,1.5091372378236922,1.815576067547799,0.025553403914324913,3.999999999999999,2.796692592974019
21,aligned_in_kernel,isospectral_random,0.0,1.6008059258162255,2.0549966256115137,0.02907540954224104,1.8108827409231116,1.1008542805405108
21,aligned_in_kernel,grid_laplacian,0.0,1.6008059258162255,2.0549966256115137,0.02907540954224104,2.803758186543866,2.8963929540744036
21,isotropic,dstm_boundary,0.0,1.6151907540026054,1.550131800908221,0.02136881348184822,1.895438924106005,2.2155987746978587
21,isotropic,ridge,0.01,1.583307574102898,1.4868195050636177,0.020238536591580328,4.000000000000001,3.411299147019884
21,isotropic,isospectral_random,0.0,1.6151907540026054,1.550131800908221,0.02136881348184822,1.1811481177227026,1.2585549809013
21,isotropic,grid_laplacian,0.01,1.5849466894873834,1.5958723123673844,0.022114348919994795,3.8085360783890883,3.1143964830804034
21,permuted_misaligned,dstm_boundary,0.0,1.8338325973505651,1.970234617128566,0.027322997010288747,2.017131683781189,1.9053939953463976
21,permuted_misaligned,ridge,0.1,1.5815383358042001,1.6796026455695114,0.023791733243500778,3.999999999999999,2.2666493719439775
21,permuted_misaligned,isospectral_random,0.0,1.8338325973505651,1.970234617128566,0.027322997010288747,2.2262134728390395,2.0651115738656767
21,permuted_misaligned,grid_laplacian,0.03162277660168379,1.3999252687433268,1.5219071999262939,0.021831275983400476,3.4133512321960766,2.651143321865006
22,aligned_in_kernel,dstm_boundary,10.0,0.617444449918396,0.7638269459681497,0.008788704035577905,1.6273027584983843e-18,0.001171071561008174
22,aligned_in_kernel,ridge,0.03162277660168379,1.623920975553871,1.9631104572999873,0.028654596350302174,4.000000000000002,2.712940754561557
22,aligned_in_kernel,isospectral_random,0.0,1.7439239725874522,2.169563657869906,0.032241512027847766,2.1388466776416677,1.799882525583563
22,aligned_in_kernel,grid_laplacian,0.0,1.7439239725874522,2.169563657869906,0.032241512027847766,3.780735168361374,3.1231379323003754
22,isotropic,dstm_boundary,0.0,2.735535969672525,2.094282966078793,0.031609644756848215,1.5437624331485562,0.8175622152937893
22,isotropic,ridge,0.03162277660168379,2.648491767959991,2.0131741762585387,0.03012567491400884,3.9999999999999996,2.6498178423157803
22,isotropic,isospectral_random,0.0,2.735535969672525,2.094282966078793,0.031609644756848215,1.6813266180442752,1.2571843463372498
22,isotropic,grid_laplacian,0.0,2.735535969672525,2.094282966078793,0.031609644756848215,3.897455870680483,2.854516588894696
22,permuted_misaligned,dstm_boundary,0.0,1.3192969053848098,2.0401321694279004,0.024762829509714434,2.3175073677981146,2.7861027105841374
22,permuted_misaligned,ridge,0.0031622776601683794,1.3168512008690785,2.0142646622552607,0.024335376183809418,4.000000000000001,3.828346854773744
22,permuted_misaligned,isospectral_random,0.0,1.3192969053848098,2.0401321694279004,0.024762829509714434,1.4174473031038397,1.4144711215467691
22,permuted_misaligned,grid_laplacian,0.0,1.3192969053848098,2.0401321694279004,0.024762829509714434,4.0226581494491676,3.9260004882088237
23,aligned_in_kernel,dstm_boundary,3.1622776601683795,0.9070056634507369,0.8246284849652427,0.009925437500210051,4.524302885273478e-18,0.0022242346922430006
23,aligned_in_kernel,ridge,0.1,2.274782854144137,1.7389918546626388,0.02246632424274854,3.999999999999999,2.6667840669357687
23,aligned_in_kernel,isospectral_random,0.0,2.590236234004882,2.1649384105313727,0.029126895719195845,1.861614003425475,1.4206226106352915
23,aligned_in_kernel,grid_laplacian,0.31622776601683794,1.4032988570018778,1.3400453117659992,0.01699253286586008,2.512710389694775,1.1386158310802754
23,isotropic,dstm_boundary,0.0,1.6054538715880513,1.6501145178809669,0.023159201375364712,1.3453937957227646,1.467826463482497
23,isotropic,ridge,0.03162277660168379,1.5176090300833565,1.5030099904192782,0.02071940050630348,3.999999999999999,3.047505195041084
23,isotropic,isospectral_random,0.0,1.6054538715880513,1.6501145178809669,0.023159201375364712,1.7550177483486218,1.3016320815589382
23,isotropic,grid_laplacian,0.0,1.6054538715880513,1.6501145178809669,0.023159201375364712,4.18504770956119,3.9811270341012546
23,permuted_misaligned,dstm_boundary,0.0,1.7332148658552244,1.8473457677998288,0.02397286892103567,1.3045520728323283,2.0587118933363437
23,permuted_misaligned,ridge,0.1,1.461074115401445,1.5247973967402864,0.019097289695675142,4.0,2.906542455514864
23,permuted_misaligned,isospectral_random,0.0,1.7332148658552244,1.8473457677998288,0.02397286892103567,1.9879531986952816,1.961046941838975
23,permuted_misaligned,grid_laplacian,0.0,1.7332148658552244,1.8473457677998288,0.02397286892103567,3.191140406602237,3.5200176430621912
24,aligned_in_kernel,dstm_boundary,0.0,1.7944141790738137,1.886199260746782,0.02567030675826991,1.0625268938892695e-17,0.8738023940278513
24,aligned_in_kernel,ridge,0.03162277660168379,1.6631638687982984,1.6774799806012615,0.02227322879362169,4.0,3.399668437496916
24,aligned_in_kernel,isospectral_random,0.0,1.7944141790738137,1.886199260746782,0.02567030675826991,1.9151691374802284,1.8824216668167546
24,aligned_in_kernel,grid_laplacian,0.0,1.7944141790738137,1.886199260746782,0.02567030675826991,3.409385904561681,3.7912653739980935
24,isotropic,dstm_boundary,0.0,3.1300608036307445,2.6692604294877897,0.03900102726454678,2.1813893657709573,1.4063367936088336
24,isotropic,ridge,0.31622776601683794,2.5979528545153263,2.153532980884423,0.032244989433407305,3.9999999999999996,1.4051914607278908
24,isotropic,isospectral_random,0.0,3.1300608036307445,2.6692604294877897,0.03900102726454678,1.9228647688511535,1.043167257974243
24,isotropic,grid_laplacian,0.31622776601683794,3.0486879880017206,2.6917354937654485,0.04011256311804061,4.269385204787352,1.1472716632201214
24,permuted_misaligned,dstm_boundary,0.0,2.4236190785330205,2.1017159829503393,0.027809352267616327,1.3671573270766628,1.8798003014937525
24,permuted_misaligned,ridge,0.31622776601683794,1.9511890171868844,1.7499296880382382,0.023102968965443768,4.0,1.6581393402730575
24,permuted_misaligned,isospectral_random,0.0,2.4236190785330205,2.1017159829503393,0.027809352267616327,1.660839523860076,1.877073743692174
24,permuted_misaligned,grid_laplacian,0.31622776601683794,2.0132265437977206,1.423792457295645,0.019475032195183567,2.6556610627383974,1.143276685732319
25,aligned_in_kernel,dstm_boundary,1000.0,1.0275694016400854,0.8965397693264483,0.010126212951471713,-6.499914981011327e-18,1.8734241817355813e-08
25,aligned_in_kernel,ridge,0.1,1.3976108105802734,1.570206697200709,0.020609173581172015,4.000000000000001,2.4091922740304943
25,aligned_in_kernel,isospectral_random,0.0,1.6204207517659506,1.8305430271439898,0.023982827815217128,2.0719611995648513,1.4732689796994085
25,aligned_in_kernel,grid_laplacian,0.0,1.6204207517659506,1.8305430271439898,0.023982827815217128,3.6340752181322893,3.148037225685619
25,isotropic,dstm_boundary,0.0,2.5859956336051404,2.501723562306812,0.034654852866601554,1.5586976077416084,1.7684910362092978
25,isotropic,ridge,0.1,2.0228054816139136,2.070631002485412,0.029073671392896787,4.0,1.9785891893624834
25,isotropic,isospectral_random,0.0,2.5859956336051404,2.501723562306812,0.034654852866601554,1.8874092895862202,2.145071541772798
25,isotropic,grid_laplacian,0.0,2.5859956336051404,2.501723562306812,0.034654852866601554,4.066955802363568,3.8500218295547652
25,permuted_misaligned,dstm_boundary,0.0,1.8155506982876233,2.0087362844095873,0.026656011731703524,1.7816391111553262,1.4343259868096225
25,permuted_misaligned,ridge,0.1,1.3659347107588637,1.7373951349571142,0.022907396592358062,4.0,2.347370360844326
25,permuted_misaligned,isospectral_random,0.0,1.8155506982876233,2.0087362844095873,0.026656011731703524,2.32213713437394,1.5870314626328206
25,permuted_misaligned,grid_laplacian,0.31622776601683794,1.6670037944668876,2.1892344747645307,0.02876041509256796,3.3465539126627992,1.2779130631560074
26,aligned_in_kernel,dstm_boundary,1000.0,0.8842775301279941,0.7941530351153196,0.008167486385232747,1.4695068279376194e-17,5.941168687539675e-08
26,aligned_in_kernel,ridge,0.1,1.8764800013991492,2.075704390433061,0.027828602998826016,4.000000000000001,1.9416428831140364
26,aligned_in_kernel,isospectral_random,0.0,2.233858948835706,2.1738095521530614,0.029743697328816557,2.243927823151027,1.9575568716895717
26,aligned_in_kernel,grid_laplacian,0.1,1.9634068785674195,2.0755749350065607,0.027314291073882415,3.6879879438203123,1.7298928337682755
26,isotropic,dstm_boundary,0.0,1.9303648274621663,1.7165237623108232,0.022339268925470543,1.5235899524462757,1.492653245304888
26,isotropic,ridge,0.1,1.5129173385856758,1.537166575041049,0.01848381073979493,4.000000000000001,2.5198953730423583
26,isotropic,isospectral_random,0.0,1.9303648274621663,1.7165237623108232,0.022339268925470543,2.188681947738443,1.9360444016900475
26,isotropic,grid_laplacian,0.1,1.3827760851822513,1.4368260144375955,0.017596001314898545,3.3494529085402847,1.8982744843952528
26,permuted_misaligned,dstm_boundary,0.0,2.5494939239835874,2.3200692222648853,0.03151337889814991,1.7066441846707157,1.6630639901900084
26,permuted_misaligned,ridge,0.31622776601683794,1.941520613503582,2.136669267689996,0.027966746848837924,4.000000000000001,1.475123826972817
26,permuted_misaligned,isospectral_random,0.0,2.5494939239835874,2.3200692222648853,0.03151337889814991,1.0886227127232784,1.0525798771144452
26,permuted_misaligned,grid_laplacian,0.31622776601683794,1.7240333939972925,2.1712903712062435,0.02916432554775568,3.488784771483905,1.1057756322471244
27,aligned_in_kernel,dstm_boundary,1000.0,0.9302086101396142,1.033401980165786,0.011794353166018474,1.4793264710321814e-18,3.0087815692322686e-08
27,aligned_in_kernel,ridge,0.1,1.2217152304215004,1.5018418608900512,0.018248494013127815,4.0,2.5134117288856834
27,aligned_in_kernel,isospectral_random,0.0,1.5320400297870658,1.614459802735875,0.01959621812391072,2.204425081141821,2.1592374630361375
27,aligned_in_kernel,grid_laplacian,0.1,1.1131200307700606,1.4212647481865501,0.017417576000763987,3.7469286943994753,2.337840688756243
27,isotropic,dstm_boundary,0.0,2.1190769902913282,1.799498835916758,0.022962205991790337,1.9120498382925777,1.9893984794789774
27,isotropic,ridge,0.1,1.8930268834561592,1.570752695302474,0.019669883932791263,4.0,2.6807974155997245
27,isotropic,isospectral_random,0.0,2.1190769902913282,1.799498835916758,0.022962205991790337,1.7469930173679318,1.692387877728632
27,isotropic,grid_laplacian,0.03162277660168379,1.9035912728305884,1.685862783698536,0.021979797387582243,3.677941175127687,2.6558594588359536
27,permuted_misaligned,dstm_boundary,0.0,1.488160848445095,1.4829207198401797,0.019419991379133104,2.312816080538152,2.1049756787469294
27,permuted_misaligned,ridge,0.03162277660168379,1.284635463086619,1.394811626290796,0.01749692906019557,4.0,3.3701304840513466
27,permuted_misaligned,isospectral_random,0.0,1.488160848445095,1.4829207198401797,0.019419991379133104,1.9093967628111317,2.361053825231756
27,permuted_misaligned,grid_laplacian,0.0,1.488160848445095,1.4829207198401797,0.019419991379133104,3.582784502275831,3.4821683321102745
28,aligned_in_kernel,dstm_boundary,0.31622776601683794,1.5530470649400887,1.3950153245194645,0.01695645321826219,3.1713409612618184e-18,0.018467334438825776
28,aligned_in_kernel,ridge,0.1,1.4976976449448425,1.7154793806232562,0.022846849925943963,3.9999999999999996,2.2399749916628284
28,aligned_in_kernel,isospectral_random,0.0,1.7933899172877588,2.063843052331405,0.02809587901086842,1.3984126994353023,1.5343634491433096
28,aligned_in_kernel,grid_laplacian,0.03162277660168379,1.7710676380887622,1.9162831240858602,0.02610697150386513,3.8477930857675666,2.4394405986018333
28,isotropic,dstm_boundary,0.0,2.379116053114485,2.342730377569194,0.032412496676749836,2.19459766752582,1.3659920747841514
28,isotropic,ridge,0.1,1.9735069521326656,1.8813027811965632,0.025992173465136992,3.999999999999999,2.050777181469453
28,isotropic,isospectral_random,0.0,2.379116053114485,2.342730377569194,0.032412496676749836,1.6221510556025425,1.4131557196800595
28,isotropic,grid_laplacian,0.1,2.0028476667457515,1.7354727215453958,0.022730518304161708,3.5140943549390684,1.9205460815624267
28,permuted_misaligned,dstm_boundary,0.0,2.3949659443054854,2.3638343237874424,0.03175860175532785,1.8396604192254054,1.9384871607458698
28,permuted_misaligned,ridge,0.03162277660168379,2.163996338310194,1.885037748205579,0.024348029270609778,4.0,2.493054268292544
28,permuted_misaligned,isospectral_random,0.0,2.3949659443054854,2.3638343237874424,0.03175860175532785,1.9211226681800553,1.4961408183737952
28,permuted_misaligned,grid_laplacian,0.0,2.3949659443054854,2.3638343237874424,0.03175860175532785,4.343666206504809,4.715401347986846
29,aligned_in_kernel,dstm_boundary,3.1622776601683795,1.2775703290025517,1.1675624119287362,0.013513933054497149,3.795169597312616e-18,0.004650361455939703
29,aligned_in_kernel,ridge,0.1,1.3497855288807101,1.63161229208659,0.021468885003312788,4.0,2.7112536729853836
29,aligned_in_kernel,isospectral_random,0.0,1.9581410179476109,2.2238017153223026,0.03260777180595111,1.8335846731304652,1.81461683097061
29,aligned_in_kernel,grid_laplacian,0.1,1.5903947507178948,1.96489228330319,0.027292841925171743,3.636293761185401,2.171558646644547
29,isotropic,dstm_boundary,0.0,3.1687072266270437,2.5899550817380286,0.03895361780547407,2.0507668149300073,2.0875603089401125
29,isotropic,ridge,0.31622776601683794,2.013090530007761,1.832405254567123,0.028173785949377854,3.9999999999999996,1.6190833967764626
29,isotropic,isospectral_random,0.0,3.1687072266270437,2.5899550817380286,0.03895361780547407,1.7585349734295248,1.8693814215607893
29,isotropic,grid_laplacian,0.31622776601683794,2.306775359432597,2.2593894644526498,0.03550142705217521,4.843765855463739,1.3928623074782656
29,permuted_misaligned,dstm_boundary,0.0,3.488178492168014,3.1400890544371114,0.04592519379267079,1.6470333073375025,2.0399364903901853
29,permuted_misaligned,ridge,0.31622776601683794,2.5526992632892522,2.2092519539581756,0.03230846436498727,4.0,1.4964201504862247
29,permuted_misaligned,isospectral_random,0.0,3.488178492168014,3.1400890544371114,0.04592519379267079,1.5603980119583882,1.7425421301773285
29,permuted_misaligned,grid_laplacian,0.31622776601683794,2.9394832041903323,2.5508282890974376,0.03817445292625954,4.899523513664958,1.4898279736749513
30,aligned_in_kernel,dstm_boundary,1.0,1.6742491446180223,1.562363936851987,0.02063914277039709,-1.1471595769441745e-17,0.010160313079500563
30,aligned_in_kernel,ridge,0.1,1.6066876188363193,1.5480726183092763,0.020209142336934077,3.999999999999999,2.5245439456075474
30,aligned_in_kernel,isospectral_random,0.0,2.3121304551323596,2.1911999761270833,0.03033488672496953,1.3779128892393278,1.4657163659342292
30,aligned_in_kernel,grid_laplacian,0.1,1.622810615826201,1.504848420326466,0.01938073940196925,3.000938706290013,1.817163151982756
30,isotropic,dstm_boundary,0.0,2.0694528767015745,1.8208253435242825,0.02668313145596505,1.929946109039915,1.9821378767744995
30,isotropic,ridge,0.1,1.3087278757064555,1.1387491914042451,0.014727668636567527,4.000000000000001,2.968596944193055
30,isotropic,isospectral_random,0.0,2.0694528767015745,1.8208253435242825,0.02668313145596505,2.0173638132101734,2.388428389103473
30,isotropic,grid_laplacian,0.31622776601683794,2.0634346359107223,1.823808847655382,0.026950410526765403,4.251476142361058,1.6706464404962982
30,permuted_misaligned,dstm_boundary,0.0,2.4788825139338835,2.1128923588792845,0.032150703036753984,2.8981522668442006,2.3006546573832405
30,permuted_misaligned,ridge,0.1,1.7615711904008235,1.542950885519419,0.022643379663182913,3.999999999999999,2.431839894012046
30,permuted_misaligned,isospectral_random,0.0,2.4788825139338835,2.1128923588792845,0.032150703036753984,1.9213994020535738,2.5392278016448833
30,permuted_misaligned,grid_laplacian,0.1,2.4715925828089063,2.1137123237880875,0.032836599676309274,4.22186287915852,2.1863538741819117
31,aligned_in_kernel,dstm_boundary,1000.0,0.8060097097648031,0.7563105897387543,0.007338974528672107,2.56005600955622e-18,4.9769580186904715e-08
31,aligned_in_kernel,ridge,0.03162277660168379,1.507510877994621,1.9207265654374361,0.026805716010146943,4.000000000000001,3.211788134162029
31,aligned_in_kernel,isospectral_random,0.0,1.6133228107914956,2.1545155739098227,0.030922551025843452,2.546830453453115,2.2717346534980045
31,aligned_in_kernel,grid_laplacian,0.1,1.2540976731154125,1.5348243700470303,0.019931527365697026,3.2817926586101587,2.392610999215372
31,isotropic,dstm_boundary,0.0,2.5051488143713163,2.9759787057958125,0.04165064706597625,1.834301801818949,1.6510204773268282
31,isotropic,ridge,0.1,1.9641139229772215,2.274853679020428,0.030752902442612178,4.0,2.2188394048537656
31,isotropic,isospectral_random,0.0,2.5051488143713163,2.9759787057958125,0.04165064706597625,1.5826296172466934,1.591874712330438
31,isotropic,grid_laplacian,0.0,2.5051488143713163,2.9759787057958125,0.04165064706597625,4.161439215721138,3.939988310510026
31,permuted_misaligned,dstm_boundary,0.0,2.242355724641659,2.31592683909517,0.03305777503623672,1.6631691954559389,2.4000137537630204
31,permuted_misaligned,ridge,0.1,1.681938640424292,1.6325439137205482,0.021600505595580487,4.000000000000002,2.7984840483153928
31,permuted_misaligned,isospectral_random,0.0,2.242355724641659,2.31592683909517,0.03305777503623672,2.3481580364036088,2.7121408185007527
31,permuted_misaligned,grid_laplacian,0.31622776601683794,1.8022735416515285,1.929544109566784,0.02570437712607979,3.9878306922080315,1.5952023516641995
32,aligned_in_kernel,dstm_boundary,10.0,1.3481505987528695,1.4398898090559777,0.02056408363382658,9.504878270351385e-19,0.00027242157288048536
32,aligned_in_kernel,ridge,0.1,1.6714553202397242,1.826573031210807,0.023640058976771672,3.999999999999999,2.2595035142607522
32,aligned_in_kernel,isospectral_random,0.0,2.18376443581161,2.4407863626930797,0.033340681188425064,1.7953867140900077,1.0168436749636365
32,aligned_in_kernel,grid_laplacian,0.31622776601683794,1.5596662368677816,1.5711703203518164,0.02033274716141309,3.0980931541149364,1.2845283925367728
32,isotropic,dstm_boundary,0.0,2.8854648138434937,2.5458857281695813,0.03705932275008107,1.034715322846643,1.5832378334091701
32,isotropic,ridge,0.1,1.7998729787600731,1.713559964529646,0.02327734393063616,4.000000000000001,2.63327611941987
32,isotropic,isospectral_random,0.0,2.8854648138434937,2.5458857281695813,0.03705932275008107,2.1801082595076506,2.446542934663656
32,isotropic,grid_laplacian,0.1,1.5179651796624258,1.620976833280158,0.020513212553529316,3.606496517946419,2.050724445089048
32,permuted_misaligned,dstm_boundary,0.0,3.1802135133227187,2.970598897798705,0.045942091476560476,1.7627509878784093,1.2778740966176976
32,permuted_misaligned,ridge,0.1,2.151096879030268,2.225698819791459,0.03258304446697449,3.9999999999999987,1.8117269870219517
32,permuted_misaligned,isospectral_random,0.0,3.1802135133227187,2.970598897798705,0.045942091476560476,2.0988505137904347,1.4392276348191693
32,permuted_misaligned,grid_laplacian,0.31622776601683794,2.464559414866125,2.319570964418042,0.032339629802693115,3.6409756767575527,0.9383600777516783
33,aligned_in_kernel,dstm_boundary,3.1622776601683795,0.5750786107171058,0.7270994018540101,0.006773459504210998,-5.598203651633542e-19,0.003554003571839952
33,aligned_in_kernel,ridge,0.1,1.6321197851587708,1.8654472549963654,0.025040150750705616,4.0,2.5577354015867377
33,aligned_in_kernel,isospectral_random,0.0,1.8502834809280364,2.3632270489510248,0.0314478997357103,1.655939228471703,1.5736892104044506
33,aligned_in_kernel,grid_laplacian,0.1,1.672240261315771,2.0966262544593075,0.027947476400575648,3.1143779712098283,1.7068066243632656
33,isotropic,dstm_boundary,0.0,1.5147143448140388,1.9348883934207461,0.024554989631803442,1.7453507162363244,1.6698237966906082
33,isotropic,ridge,0.01,1.4737311518568945,1.7889394294734267,0.022485128169767103,3.9999999999999996,3.4475964486581208
33,isotropic,isospectral_random,0.0,1.5147143448140388,1.9348883934207461,0.024554989631803442,1.707110249564842,1.8073141058291795
33,isotropic,grid_laplacian,0.01,1.4980328716563667,1.7962641311027232,0.02174638114616243,3.839823335727321,3.449065411793336
33,permuted_misaligned,dstm_boundary,0.0,1.8452098903805658,2.1348198504493725,0.031171999697451633,1.4054721649274016,1.6435449566617653
33,permuted_misaligned,ridge,0.03162277660168379,1.6537904040399414,1.761280364626229,0.024748073077418914,4.0,3.3592546170683004
33,permuted_misaligned,isospectral_random,0.0,1.8452098903805658,2.1348198504493725,0.031171999697451633,1.815962601693801,1.6225130292923087
33,permuted_misaligned,grid_laplacian,0.03162277660168379,1.7371895243851534,1.9077160431056888,0.026059851451213555,3.2859345314052413,2.610521350752467
34,aligned_in_kernel,dstm_boundary,0.31622776601683794,0.8815151737090634,0.8281844430961551,0.008738979369016108,-2.2120990757212076e-18,0.030755031919231277
34,aligned_in_kernel,ridge,0.03162277660168379,1.9384160299137907,1.863704843615796,0.023487496002394602,4.0,2.941841362533741
34,aligned_in_kernel,isospectral_random,0.0,2.085000811139707,1.9524602286823314,0.02469025145498018,1.7149600207319349,1.359816561361435
34,aligned_in_kernel,grid_laplacian,0.03162277660168379,1.932786055246189,1.7455683675409368,0.022911493827636645,3.748474022517846,2.845040974718236
34,isotropic,dstm_boundary,0.0,1.2981615190805698,1.3029736841818345,0.016476749538244465,1.6338833655632283,1.8626667652394882
34,isotropic,ridge,0.01,1.2606325357140922,1.2755852361777384,0.015984391929914292,3.9999999999999996,3.4434747838878272
34,isotropic,isospectral_random,0.0,1.2981615190805698,1.3029736841818345,0.016476749538244465,1.6347140339660475,1.6060908119135826
34,isotropic,grid_laplacian,0.0,1.2981615190805698,1.3029736841818345,0.016476749538244465,3.8968447323919624,3.925934404975049
34,permuted_misaligned,dstm_boundary,0.0,1.734141930038088,1.563493278130933,0.020713232260693108,1.231373667840697,1.307921304868501
34,permuted_misaligned,ridge,0.1,1.5158609641993985,1.327805372429445,0.01724244553028494,4.000000000000001,2.8265533419725406
34,permuted_misaligned,isospectral_random,0.0,1.734141930038088,1.563493278130933,0.020713232260693108,1.4859702313095633,1.663863277459602
34,permuted_misaligned,grid_laplacian,0.1,1.276777372789297,1.2889509568641846,0.015898230997583643,3.7224583977945773,2.6654216351418425
35,aligned_in_kernel,dstm_boundary,3.1622776601683795,0.6120738277014084,0.6568070463775456,0.0067151977868670325,-9.672968335927244e-18,0.0023643583916871163
35,aligned_in_kernel,ridge,0.03162277660168379,1.1616797985787897,1.388815709643709,0.016738981135660722,4.0,3.4796740507682142
35,aligned_in_kernel,isospectral_random,0.0,1.291001287178425,1.6189242538165658,0.019876197653306275,1.5469702992396042,1.6271790448250052
35,aligned_in_kernel,grid_laplacian,0.1,1.1316943847676537,1.091237198706995,0.01271771228098496,2.8757908420877554,1.8761218455657445
35,isotropic,dstm_boundary,0.0,1.2004093118187291,1.3035811505659318,0.016478070791655496,1.7144063283024957,1.9715615584170858
35,isotropic,ridge,0.03162277660168379,1.156891484116089,1.2096848463410854,0.01480664064028015,4.0,3.2767271557090987
35,isotropic,isospectral_random,0.0,1.2004093118187291,1.3035811505659318,0.016478070791655496,1.9119839334320674,1.5092600392614774
35,isotropic,grid_laplacian,0.0,1.2004093118187291,1.3035811505659318,0.016478070791655496,3.5863239700844836,3.8422309680191926
35,permuted_misaligned,dstm_boundary,0.0,1.7209288853756104,2.0530441603625107,0.027928567513526042,1.963975023936715,1.613143236377263
35,permuted_misaligned,ridge,0.1,1.4132471647470148,1.886935256881412,0.02639359402268802,4.0,1.8905167938061047
35,permuted_misaligned,isospectral_random,0.0,1.7209288853756104,2.0530441603625107,0.027928567513526042,1.9550527787812466,1.7378736307868619
35,permuted_misaligned,grid_laplacian,0.03162277660168379,1.584558256732984,2.016946516884566,0.0269445356858222,3.5257971275834445,1.9692971527304737
36,aligned_in_kernel,dstm_boundary,0.31622776601683794,1.481103192625246,1.5007951810694162,0.018517388132109208,-4.131775474914966e-18,0.03576339261915409
36,aligned_in_kernel,ridge,0.1,1.8864120208563286,1.814685748595433,0.02646852718552594,3.999999999999999,2.2584494911297233
36,aligned_in_kernel,isospectral_random,0.0,2.8868009223296154,2.6248322931964907,0.03805026719435696,1.9162602284572572,1.884989451364437
36,aligned_in_kernel,grid_laplacian,0.1,2.2984517000856775,2.1957452295358695,0.03287224227659717,3.661130576408651,1.7961726160808187
36,isotropic,dstm_boundary,0.0,2.6700014209129996,2.3298724855230173,0.03335361469471632,1.5528485656848052,1.3263472361430273
36,isotropic,ridge,0.31622776601683794,1.657626234408848,1.749167298840951,0.023462829434200867,4.0,1.5623694476389796
36,isotropic,isospectral_random,0.0,2.6700014209129996,2.3298724855230173,0.03335361469471632,1.8356739068419201,2.190656471230091
36,isotropic,grid_laplacian,0.31622776601683794,2.334013328779184,2.150590170788633,0.03176360613750352,4.186662160901099,1.3084308153068667
36,permuted_misaligned,dstm_boundary,0.0,2.1900658536239073,2.139231539744011,0.028301201704324666,1.8535873221578802,2.1614881820548497
36,permuted_misaligned,ridge,0.1,1.2062962823323844,1.1990509267893827,0.014627994741950244,3.999999999999999,3.169202703162396
36,permuted_misaligned,isospectral_random,0.0,2.1900658536239073,2.139231539744011,0.028301201704324666,1.3047085865040728,1.9976225566797392
36,permuted_misaligned,grid_laplacian,0.1,1.5844000734371555,1.6177305847343841,0.02172488175401627,4.736213748875718,3.374550776537215
37,aligned_in_kernel,dstm_boundary,1000.0,1.301155533931158,1.0878265232649271,0.013417262656035914,-8.693162485409623e-18,8.246515959957649e-08
37,aligned_in_kernel,ridge,0.1,1.6625771310618949,1.6715457538052387,0.02123518744013059,4.0,2.8338753095744083
37,aligned_in_kernel,isospectral_random,0.0,2.516396676357176,2.5453127733524283,0.03541212798095837,1.1477313003011964,1.9086894766718978
37,aligned_in_kernel,grid_laplacian,0.1,1.5050137751249157,1.7220257895197804,0.02283252573480234,3.1236847258626135,2.0775382310034587
37,isotropic,dstm_boundary,0.0,1.8942670426139203,2.122634619574215,0.02970295890442575,1.0024977472799077,1.3875897328531077
37,isotropic,ridge,0.1,1.3583638028693485,1.5519336998638842,0.020801214412477738,4.0,2.80176179454245
37,isotropic,isospectral_random,0.0,1.8942670426139203,2.122634619574215,0.02970295890442575,2.2326375107114314,2.0829365687029684
37,isotropic,grid_laplacian,0.31622776601683794,1.280872982028923,1.32955280781561,0.017839784470257334,3.049478304305041,1.415594276150037
37,permuted_misaligned,dstm_boundary,0.0,2.010304180865276,2.411698072355758,0.03308711438576354,2.2061187337679753,2.366180975725128
37,permuted_misaligned,ridge,0.1,1.47077744743859,1.6930756856751101,0.021763921930390562,3.999999999999999,2.744366499360811
37,permuted_misaligned,isospectral_random,0.0,2.010304180865276,2.411698072355758,0.03308711438576354,1.5154740077885591,1.6681272625998615
37,permuted_misaligned,grid_laplacian,0.1,1.4011471216547005,1.691837398581837,0.021872561027631875,2.997465667767638,2.011505615129983
38,aligned_in_kernel,dstm_boundary,1000.0,0.8497540807148649,0.7602622761425368,0.007784437277997687,7.958660086707343e-18,1.1552977252575589e-07
38,aligned_in_kernel,ridge,0.1,1.4252468063867452,1.6054118789532024,0.022126203917136742,4.0,3.126875717054765
38,aligned_in_kernel,isospectral_random,0.0,2.062280911635919,2.3134670283391006,0.033664768354945265,1.5482266135373297,2.1340997694040524
38,aligned_in_kernel,grid_laplacian,0.1,1.3972218678342276,1.5529550892716966,0.02074853019874945,3.3605979322588126,2.5654517121793594
38,isotropic,dstm_boundary,0.0,1.925066259835155,1.9131509300086444,0.02715096695892368,1.3082187379455443,1.635160850657217
38,isotropic,ridge,0.1,1.1459900742462044,1.3774046576815007,0.018065851262893284,4.0,3.13295161163621
38,isotropic,isospectral_random,0.0,1.925066259835155,1.9131509300086444,0.02715096695892368,1.5381868039485955,2.6336515182849998
38,isotropic,grid_laplacian,0.31622776601683794,1.3907967787541111,1.6584144054956758,0.022368442846678962,4.286595597822381,1.7648399391173921
38,permuted_misaligned,dstm_boundary,0.0,3.0560853641770356,3.215810650073748,0.048810010232071946,2.461187006057564,1.4144445877833205
38,permuted_misaligned,ridge,0.1,2.5999581926380704,2.6175271407278946,0.03956687764516959,4.0,1.8743578535337493
38,permuted_misaligned,isospectral_random,0.0,3.0560853641770356,3.215810650073748,0.048810010232071946,1.9645810557620274,1.1514082891314439
38,permuted_misaligned,grid_laplacian,0.1,3.0141105041223124,3.010599515459932,0.04543170738900969,4.115789261040726,1.730866529710932
39,aligned_in_kernel,dstm_boundary,10.0,0.6567855983520424,0.8161819057267825,0.008484411079809915,-8.328114633245874e-18,0.00020128654378321524
39,aligned_in_kernel,ridge,0.1,1.4031271902170408,1.8112700617569937,0.02339264306638524,4.0,2.5289020688352526
39,aligned_in_kernel,isospectral_random,0.0,2.2735371793965164,2.579973120886273,0.035071624336313965,1.4418523395205096,1.4812802132313667
39,aligned_in_kernel,grid_laplacian,0.1,1.1788322037128525,1.624066673480736,0.021136594670258163,3.431036958921998,2.014691843282364
39,isotropic,dstm_boundary,0.0,1.9826974443151073,2.424009393041135,0.03417775769095083,1.6588840493750543,1.2490355302330216
39,isotropic,ridge,0.1,1.6916211079655707,1.9646346222774287,0.02654478086038884,4.0,2.231002781911921
39,isotropic,isospectral_random,0.0,1.9826974443151073,2.424009393041135,0.03417775769095083,1.4697710707383764,1.3371160762074017
39,isotropic,grid_laplacian,0.03162277660168379,1.8869966531887776,2.4540490390515672,0.0342277173518806,4.516324321802344,2.6913005076743497
39,permuted_misaligned,dstm_boundary,0.03162277660168379,2.6074321725584912,2.2357488784210227,0.031946315215741566,1.2432656565155165,0.7457511312739237
39,permuted_misaligned,ridge,0.1,2.087160015137279,1.9275114524647476,0.0280652515444127,3.999999999999999,2.0042804074634573
39,permuted_misaligned,isospectral_random,0.0,2.825062237188819,2.6237426130724804,0.0377865816650161,1.2536334920770997,1.1050100549880977
39,permuted_misaligned,grid_laplacian,0.1,1.8782590786161564,1.671192454223547,0.023841154283084073,3.1838542992587704,1.321292591679042
40,aligned_in_kernel,dstm_boundary,0.0,1.943832923567116,2.476276765159689,0.034612058614130456,-2.136687257973562e-18,0.7366199521811807
40,aligned_in_kernel,ridge,0.03162277660168379,1.7852141852565548,2.1080751347866276,0.028599026883544425,3.9999999999999987,3.2379935972821734
40,aligned_in_kernel,isospectral_random,0.0,1.943832923567116,2.476276765159689,0.034612058614130456,2.613533511391873,2.433405912497296
40,aligned_in_kernel,grid_laplacian,0.1,1.647215696590672,1.9336282661371462,0.025892530572016695,3.0313539388186452,1.8493555980141854
40,isotropic,dstm_boundary,0.0,1.6366209416823985,1.8540019432033683,0.026447404042964386,1.6800898627938272,2.104505254624411
40,isotropic,ridge,0.1,1.3072125240049721,1.425412573032457,0.019171772858819058,4.0,3.281262486050445
40,isotropic,isospectral_random,0.0,1.6366209416823985,1.8540019432033683,0.026447404042964386,2.080041743847983,2.450614716735201
40,isotropic,grid_laplacian,0.0,1.6366209416823985,1.8540019432033683,0.026447404042964386,4.269279422701278,5.04513816874633
40,permuted_misaligned,dstm_boundary,0.0,2.463087884098778,3.036257081985031,0.039946913536386186,1.383477583444646,2.055428567143693
40,permuted_misaligned,ridge,0.1,2.1005016777270322,2.4936568321414088,0.032357889861870354,3.9999999999999982,2.435790379447707
40,permuted_misaligned,isospectral_random,0.0,2.463087884098778,3.036257081985031,0.039946913536386186,1.774962322355421,1.525062993967457
40,permuted_misaligned,grid_laplacian,0.1,2.216766120278908,2.6352373879507693,0.03440267860109615,3.7828029894856092,2.2776688834314314
41,aligned_in_kernel,dstm_boundary,3.1622776601683795,2.1831712821888463,2.273694855115461,0.03127384455598881,4.333217517823376e-18,0.0011353266284659155
41,aligned_in_kernel,ridge,0.1,1.585429166394833,1.6046803759341692,0.02110178392827854,3.9999999999999996,2.780700266957925
41,aligned_in_kernel,isospectral_random,0.0,2.2395292773500994,2.317245718640046,0.031221132569991546,1.8827712856075314,1.9609070000470392
41,aligned_in_kernel,grid_laplacian,0.31622776601683794,1.7716497820878576,1.901763399212869,0.025038675111052712,3.7899892862766302,1.5601622932047152
41,isotropic,dstm_boundary,0.0,1.8639268942312668,1.8254915019355424,0.02523955482723051,1.923668605706629,2.31369814288733
41,isotropic,ridge,0.1,1.2570522038995255,1.3380009445242345,0.01709501198531787,4.0,2.768965265268341
41,isotropic,isospectral_random,0.0,1.8639268942312668,1.8254915019355424,0.02523955482723051,1.2383088354109821,1.447113284111663
41,isotropic,grid_laplacian,0.1,1.722806808098428,1.518253990320311,0.020721767493243264,4.193329490337911,2.7946892418692353
41,permuted_misaligned,dstm_boundary,0.0,2.397000426861965,2.4003573238126723,0.03497639073782067,1.339303664781041,1.670055965104867
41,permuted_misaligned,ridge,0.1,1.767707051830957,1.8523655636445677,0.02493961386752598,4.0,2.3010211187380105
41,permuted_misaligned,isospectral_random,0.0,2.397000426861965,2.4003573238126723,0.03497639073782067,1.4839890216011926,2.1206047872559273
41,permuted_misaligned,grid_laplacian,0.1,2.0423418781687963,2.0500840698522804,0.028305761469701454,3.132412473271456,1.4698502280715315
42,aligned_in_kernel,dstm_boundary,1000.0,0.8082901117999864,0.7619963970513894,0.008198533092970398,-1.0407695224670878e-17,5.105997577303572e-08
42,aligned_in_kernel,ridge,0.1,2.882093778761413,2.1781191993788767,0.03063134585996706,4.000000000000002,2.3407845084067906
42,aligned_in_kernel,isospectral_random,0.0,3.2607096754058214,2.655824694002754,0.04022336047447683,1.897986083634701,1.673980434514549
42,aligned_in_kernel,grid_laplacian,0.1,2.257329696317269,1.7282724787229027,0.023388399428126636,2.662124959319089,1.580793133928714
42,isotropic,dstm_boundary,0.0,2.2418343263306397,1.9008570721525908,0.027399478373608704,2.029993261574675,1.7250103087276023
42,isotropic,ridge,0.1,1.8513333451113507,1.582970677221079,0.02212236324379456,4.000000000000001,2.7857099832496854
42,isotropic,isospectral_random,0.0,2.2418343263306397,1.9008570721525908,0.027399478373608704,1.5852119349407674,1.7762171474159323
42,isotropic,grid_laplacian,0.1,2.1017655599932223,2.015656128940652,0.02910945280597166,4.285663147587815,2.4535069397483795
42,permuted_misaligned,dstm_boundary,0.0,2.2142292579297833,1.811142832639332,0.026267013176143265,2.2500529384267063,2.3336227902176976
42,permuted_misaligned,ridge,0.1,1.6154107004907212,1.3191450450241438,0.018001250275386488,4.0,2.202448432047058
42,permuted_misaligned,isospectral_random,0.0,2.2142292579297833,1.811142832639332,0.026267013176143265,1.4515242951553966,1.686038113179487
42,permuted_misaligned,grid_laplacian,0.1,2.209336064418562,1.7785544002574099,0.025229927341105705,4.199567887315645,2.0164153456308824
43,aligned_in_kernel,dstm_boundary,1000.0,2.5012987456106814,2.333359568875584,0.03222339989035588,-5.361690687862335e-18,5.0812184825783165e-08
43,aligned_in_kernel,ridge,0.1,2.2562954887627016,1.9070435206627248,0.02576869594199533,3.9999999999999982,2.739216818338141
43,aligned_in_kernel,isospectral_random,0.0,2.6926104029023135,2.2259456146170997,0.030766251024047203,2.095409496345893,1.8244325012023341
43,aligned_in_kernel,grid_laplacian,0.1,2.138121816670478,1.8587096635914138,0.024980980245028216,3.1528515514623185,2.176432764395882
43,isotropic,dstm_boundary,0.0,2.3743350997744654,2.2175316608502005,0.033288247856046796,2.556479781256793,2.1498179653524336
43,isotropic,ridge,0.1,1.9127410515294136,1.9163206681763374,0.026893361223571326,3.9999999999999996,2.0800046175862903
43,isotropic,isospectral_random,0.0,2.3743350997744654,2.2175316608502005,0.033288247856046796,1.308139091488386,1.7362752855815473
43,isotropic,grid_laplacian,0.1,2.3656700112274223,2.4161283752493707,0.034579576644681406,4.372596929106647,1.8177658704532598
43,permuted_misaligned,dstm_boundary,0.0,3.252321279063906,2.2195360356081197,0.031735008622223976,1.5358206202408105,2.225853260788225
43,permuted_misaligned,ridge,0.1,2.357235998741638,1.7193135779235358,0.024926753544956944,3.9999999999999982,2.4561605110751064
43,permuted_misaligned,isospectral_random,0.0,3.252321279063906,2.2195360356081197,0.031735008622223976,1.8023366119281818,1.8837764206709129
43,permuted_misaligned,grid_laplacian,0.1,1.956595431313894,1.6249421115671279,0.02257379542606417,3.6523364068801225,2.201860514705765
44,aligned_in_kernel,dstm_boundary,1000.0,0.7393562652941171,0.690717209057256,0.007147857758933457,8.085770172762336e-18,2.8473481447016202e-08
44,aligned_in_kernel,ridge,0.03162277660168379,2.211407300428985,1.850154213455738,0.023021506155255153,3.999999999999999,3.268210275182436
44,aligned_in_kernel,isospectral_random,0.0,2.4369889360916197,2.0802551018850766,0.02664290564912514,2.047360368220201,2.036938741315335
44,aligned_in_kernel,grid_laplacian,0.0,2.4369889360916197,2.0802551018850766,0.02664290564912514,3.3687019334480004,3.064220552890673
44,isotropic,dstm_boundary,0.0,2.378113111538628,2.0178085271659683,0.02891558092065679,1.4988521139072413,1.6002235055723373
44,isotropic,ridge,0.1,1.886568854722464,1.5215532356033974,0.021384558363620056,4.0,2.604163261477576
44,isotropic,isospectral_random,0.0,2.378113111538628,2.0178085271659683,0.02891558092065679,1.845032536057337,2.4545134875888865
44,isotropic,grid_laplacian,0.0,2.378113111538628,2.0178085271659683,0.02891558092065679,3.650172140042147,4.0144111407015215
44,permuted_misaligned,dstm_boundary,0.0,1.841884399905762,1.6899006481289764,0.022960537110364644,1.8053151488121537,1.6917782827932406
44,permuted_misaligned,ridge,0.03162277660168379,1.6147264952466123,1.4164151192819663,0.019003597701954943,3.9999999999999987,3.2598516481781243
44,permuted_misaligned,isospectral_random,0.0,1.841884399905762,1.6899006481289764,0.022960537110364644,1.3347517018694681,1.4268109438352938
44,permuted_misaligned,grid_laplacian,0.1,1.7344892198513082,1.5852255086353595,0.020648175446608828,4.4653589789142245,2.82463128704973
45,aligned_in_kernel,dstm_boundary,1000.0,0.5231399313321616,0.5959816640457777,0.004745951795001962,-1.697554002384286e-17,3.7044951833803066e-08
45,aligned_in_kernel,ridge,0.03162277660168379,2.0364644710081956,1.8710932300520673,0.025792838118490122,4.0,2.359769207393775
45,aligned_in_kernel,isospectral_random,0.0,2.051326617757306,1.8528013261498824,0.025485482475313858,2.1609732756772053,1.5741727163230286
45,aligned_in_kernel,grid_laplacian,0.1,1.666707387238255,1.6701848711549336,0.021557816088468837,3.1021643720453147,1.550031809603052
45,isotropic,dstm_boundary,0.0,1.2804353664230044,1.466946499375671,0.01860621767496171,1.8979329815187098,1.7987471352358273
45,isotropic,ridge,0.03162277660168379,1.1922438752659694,1.3783895735427611,0.017009532486966645,4.0,3.099907451211114
45,isotropic,isospectral_random,0.0,1.2804353664230044,1.466946499375671,0.01860621767496171,1.4505920741173906,1.747190023701484
45,isotropic,grid_laplacian,0.0,1.2804353664230044,1.466946499375671,0.01860621767496171,4.453689397844459,4.161488578041144
45,permuted_misaligned,dstm_boundary,0.0,1.3823011930829514,1.6991648000194317,0.023552414462303495,1.096314433548764,1.3027637531404208
45,permuted_misaligned,ridge,0.03162277660168379,1.3388591222994908,1.6444670023264307,0.021847913639610247,4.0,2.9867749042774894
45,permuted_misaligned,isospectral_random,0.0,1.3823011930829514,1.6991648000194317,0.023552414462303495,1.6566112070657768,1.568927307114589
45,permuted_misaligned,grid_laplacian,0.0,1.3823011930829514,1.6991648000194317,0.023552414462303495,3.7103902186801907,3.5424531537813264
46,aligned_in_kernel,dstm_boundary,1000.0,0.9028742232298176,0.9948174728767674,0.010706171148869282,1.0281930882050266e-17,1.0124255633944568e-08
46,aligned_in_kernel,ridge,0.1,0.9545263927241043,1.216981273985847,0.01438339247919647,3.999999999999999,2.7512974554151097
46,aligned_in_kernel,isospectral_random,0.0,1.0422947668313398,1.2919385911749917,0.01570742901511126,1.9091942015609418,1.3476612843388551
46,aligned_in_kernel,grid_laplacian,0.03162277660168379,0.9563411518876845,1.2226175318066144,0.014194487572509363,3.546302299307711,2.8748015711006385
46,isotropic,dstm_boundary,0.0,1.9967797959932159,1.845972095788249,0.025199421157951377,2.2614460858501118,1.7916043890563795
46,isotropic,ridge,0.0,1.9967797959932159,1.845972095788249,0.025199421157951377,4.0,3.171406131354372
46,isotropic,isospectral_random,0.0,1.9967797959932159,1.845972095788249,0.025199421157951377,1.26412019404858,1.1011220064116183
46,isotropic,grid_laplacian,0.0,1.9967797959932159,1.845972095788249,0.025199421157951377,4.940936555503603,3.814228873031442
46,permuted_misaligned,dstm_boundary,0.0,1.6556466980470161,1.879652364003022,0.02429587666439762,0.9733150309031321,1.0186795587307864
46,permuted_misaligned,ridge,0.1,1.4399525998290121,1.6716067852525598,0.02047634563029032,3.9999999999999996,2.4373141548613884
46,permuted_misaligned,isospectral_random,0.0,1.6556466980470161,1.879652364003022,0.02429587666439762,1.4978680582324235,1.9021524555368905
46,permuted_misaligned,grid_laplacian,0.0,1.6556466980470161,1.879652364003022,0.02429587666439762,3.890933353825363,3.335690573239087
47,aligned_in_kernel,dstm_boundary,1000.0,1.1805762136418574,1.1811140203099928,0.013822583229378257,2.2757805926256957e-18,8.162637450675138e-08
47,aligned_in_kernel,ridge,0.31622776601683794,1.7530031255071257,2.0019793058484026,0.027552015495946606,4.0,1.6597933196302797
47,aligned_in_kernel,isospectral_random,0.0,2.725615495170584,2.5270238242560534,0.0365761683849951,1.9227790427190206,1.2805491163298688
47,aligned_in_kernel,grid_laplacian,0.31622776601683794,1.9827595795361295,2.2557901721973668,0.031565173470858916,3.53829594490876,1.2432006817639314
47,isotropic,dstm_boundary,0.0,3.0705779578893515,2.6205900604778627,0.03645289653503818,2.192821264874593,1.9636325162993802
47,isotropic,ridge,0.1,1.941464285419479,1.7506590098941488,0.02253357871667383,4.0,2.5354717383284675
47,isotropic,isospectral_random,0.0,3.0705779578893515,2.6205900604778627,0.03645289653503818,1.4450003888106742,1.731323627832837
47,isotropic,grid_laplacian,0.1,2.7085448630134383,2.571036530494365,0.03379570979373074,4.4180505300878,2.4036451399034156
47,permuted_misaligned,dstm_boundary,0.0,2.8762144278261133,2.4134699131384596,0.0331139473298274,1.7334903317170798,1.7572508726185219
47,permuted_misaligned,ridge,0.1,2.158325573705584,1.8064858323721273,0.024685665213913154,4.000000000000001,2.319285221953793
47,permuted_misaligned,isospectral_random,0.0,2.8762144278261133,2.4134699131384596,0.0331139473298274,1.464967250179099,1.1376994904574036
47,permuted_misaligned,grid_laplacian,0.1,2.4901211119512303,1.9642663538756244,0.027456540231043283,3.727246291901019,2.071095274524235
48,aligned_in_kernel,dstm_boundary,3.1622776601683795,0.801957866557379,0.8463671021060778,0.0093190445171553,3.1676837663417147e-18,0.001073879636245013
48,aligned_in_kernel,ridge,0.01,1.6382242810933167,1.5517584182806365,0.021976022897231363,3.999999999999999,3.5816194236929055
48,aligned_in_kernel,isospectral_random,0.0,1.6866180624995222,1.653021131778045,0.023626347116707254,2.5149685439220093,2.5542937027815493
48,aligned_in_kernel,grid_laplacian,0.0,1.6866180624995222,1.653021131778045,0.023626347116707254,3.1758129446502847,2.9659504727035113
48,isotropic,dstm_boundary,0.0,1.9405119754154374,1.8530325168324013,0.0271485085323517,1.6778892236294376,1.4020156259629655
48,isotropic,ridge,0.1,1.8325254271732407,1.7339748029790687,0.02548920590990464,4.000000000000002,2.2332957731327077
48,isotropic,isospectral_random,0.0,1.9405119754154374,1.8530325168324013,0.0271485085323517,1.5618818086065678,1.132925766950697
48,isotropic,grid_laplacian,0.01,1.8972409312991105,2.0355274085616095,0.030899841148035383,3.94074915431196,2.6629189897895653
48,permuted_misaligned,dstm_boundary,0.0,1.7914405058160174,1.943359278226942,0.028817786164525933,1.9526114978926405,1.4261527884220333
48,permuted_misaligned,ridge,0.1,1.6109091382404195,1.7912000729020487,0.025840562900648255,4.0,2.5263912325026174
48,permuted_misaligned,isospectral_random,0.0,1.7914405058160174,1.943359278226942,0.028817786164525933,1.742960754264708,1.1513423402460101
48,permuted_misaligned,grid_laplacian,0.0,1.7914405058160174,1.943359278226942,0.028817786164525933,4.278875621321952,2.98668797213593
49,aligned_in_kernel,dstm_boundary,0.31622776601683794,0.8715015278040081,0.7810414881352942,0.009222743787736696,-7.511236886453271e-18,0.030681938823233414
49,aligned_in_kernel,ridge,0.001,1.3913229973778867,1.5939596403606902,0.02030177473981458,4.0,3.1993583035519464
49,aligned_in_kernel,isospectral_random,0.0,1.3926424494718916,1.5972570976253033,0.020377063917891527,1.3146227237513148,1.2058140833488427
49,aligned_in_kernel,grid_laplacian,0.0,1.3926424494718916,1.5972570976253033,0.020377063917891527,3.660856229841365,3.2016484594484833
49,isotropic,dstm_boundary,0.0,1.8411259491463612,1.7666595026025358,0.026051929134661592,1.9116531733349578,1.3123783922493493
49,isotropic,ridge,0.03162277660168379,1.8244421801191504,1.7729130278373448,0.026102337152224774,3.9999999999999996,2.530278826666874
49,isotropic,isospectral_random,0.0,1.8411259491463612,1.7666595026025358,0.026051929134661592,1.7469431335834313,1.2667013328332226
49,isotropic,grid_laplacian,0.0,1.8411259491463612,1.7666595026025358,0.026051929134661592,4.540645398160326,2.811715753991333
49,permuted_misaligned,dstm_boundary,0.0,1.7877485439941376,2.162683754077176,0.027492998083972875,1.7449873750220415,1.2913417964372012
49,permuted_misaligned,ridge,0.1,1.6359837730819955,2.1643611399217892,0.027106594399619644,4.0,2.1700661604626337
49,permuted_misaligned,isospectral_random,0.0,1.7877485439941376,2.162683754077176,0.027492998083972875,1.577529790445909,1.1232493418095988
49,permuted_misaligned,grid_laplacian,0.0,1.7877485439941376,2.162683754077176,0.027492998083972875,4.055943515612856,2.875511104193608
