method,seed,learning_rate,weight_decay,strength,epochs,train_nll,validation_nll,validation_nll_auc,test_nll,test_accuracy,test_brier,corrupted_accuracy,boundary_ratio,balance_ratio,path_diamond_ratio,wall_seconds,candidate_index
baseline,0,0.15,0.0,0.0,70,0.10900068656882939,0.18077974268161026,0.5220473564578194,0.1445408281523292,0.9666666666666667,0.059557033768604856,0.9444444444444444,1.078268006579934,0.05304064945496505,0.10730359960118967,0.07674937800038606,0
baseline,1,0.15,0.0,0.0,70,0.13143801417243361,0.18082193232139632,0.6149367357660687,0.16819414031706065,0.9611111111111111,0.06706439523499268,0.9305555555555556,1.0492853358038616,0.05146848406743354,0.12005033566643819,0.06787376599822892,0
baseline,2,0.15,0.0,0.0,70,0.12740295922361378,0.18576088042811975,0.604092330025729,0.16510703728781206,0.9611111111111111,0.07144312759430121,0.9333333333333333,1.0420660740793863,0.05636587682643593,0.1178373625361016,0.06614725299732527,0
baseline,0,0.15,0.0001,0.0,70,0.10953333298567731,0.18060555355787555,0.5221306128634551,0.1447302956373629,0.9666666666666667,0.05959648775550916,0.9444444444444444,1.0781533144280548,0.05292971789493706,0.10736901027458001,0.057034058998397086,1
baseline,1,0.15,0.0001,0.0,70,0.13183779923817993,0.18085365237655815,0.6150641914362339,0.16842275834541548,0.9611111111111111,0.06718106334697789,0.9305555555555556,1.0492241711805512,0.05131971999390009,0.12017687313752669,0.0676832729986927,1
baseline,2,0.15,0.0001,0.0,70,0.12780892701551966,0.18581698388582205,0.6042980893663304,0.16528371292168403,0.9611111111111111,0.07149442932006965,0.9333333333333333,1.0420353426108384,0.056204198665002786,0.11795294955663126,0.08202954399894224,1
baseline,0,0.3,0.0,0.0,70,0.04877153071280223,0.158349073360067,0.3980643404675208,0.11763174785849487,0.975,0.04272601691023426,0.9527777777777777,1.0682306861789825,0.05905231588734847,0.10979795473471414,0.07293963600022835,2
baseline,1,0.3,0.0,0.0,70,0.06640897965074745,0.15442767482312117,0.4579365632047576,0.14042486441589755,0.9638888888888889,0.05184670647631189,0.9416666666666667,1.0362152763606758,0.054926473283341354,0.12459311830237775,0.0555841950008471,2
baseline,2,0.3,0.0,0.0,70,0.0606212148490764,0.15515185216518917,0.4611625574448547,0.1321012787768902,0.9694444444444444,0.05251187002549228,0.9416666666666667,1.0331616557918848,0.058679411583257526,0.12354474061940464,0.07600883600025554,2
baseline,0,0.3,0.0001,0.0,70,0.04951514901003614,0.1571896840990915,0.3975472375254147,0.11710869832793747,0.975,0.042757835742501644,0.9527777777777777,1.0680808857447825,0.0589291159755268,0.10989829628866843,0.07678393699825392,3
baseline,1,0.3,0.0001,0.0,70,0.06691707091540017,0.1535384553773699,0.45761027098331347,0.13977183605269414,0.9638888888888889,0.051664381877545205,0.9416666666666667,1.03620821855037,0.054732513999083666,0.12477232515050748,0.05370552800013684,3
baseline,2,0.3,0.0001,0.0,70,0.06108487695124551,0.1540968298058438,0.4607300801127708,0.13148512409853425,0.9694444444444444,0.052432625192127186,0.9416666666666667,1.033265051537681,0.05849106238903208,0.12370749520945114,0.05482486399705522,3
baseline,0,0.45,0.0,0.0,70,0.028316052365511442,0.15652571029075552,0.3534237175659003,0.11786887035612917,0.9694444444444444,0.04095846730755527,0.9527777777777777,1.0625846448673884,0.06457439170614088,0.1108104266449768,0.07821923099982087,4
baseline,1,0.45,0.0,0.0,70,0.04102092721816383,0.1617225043069174,0.40552240050760824,0.14444803379069254,0.9666666666666667,0.05133438853129988,0.9416666666666667,1.0276506634980522,0.05978485396114767,0.12710771493517056,0.08171550399856642,4
baseline,2,0.45,0.0,0.0,70,0.032886818600804196,0.14521259378259835,0.400758488674333,0.13778986775491983,0.9638888888888889,0.053524239018555915,0.9444444444444444,1.0305209892050708,0.06292708113935867,0.12631012659686425,0.09396916499827057,4
baseline,0,0.45,0.0001,0.0,70,0.029039355964428415,0.15378443624867552,0.3520379037929113,0.11625372567856769,0.9722222222222222,0.04077808632995918,0.9555555555555556,1.0624945629333162,0.06445165215687501,0.11092799166548246,0.061349251998763066,5
baseline,1,0.45,0.0001,0.0,70,0.04171077610841496,0.1595444764737525,0.4045033792834565,0.14244350087786858,0.9694444444444444,0.050912509991299135,0.9416666666666667,1.0274550719955324,0.05958012860134008,0.12727707091542442,0.05500935400050366,5
baseline,2,0.45,0.0001,0.0,70,0.03367146654143059,0.14349860851921062,0.39983022327643813,0.13579507160547272,0.9638888888888889,0.05295919645454098,0.9472222222222222,1.0305913407323122,0.06273252507061679,0.12650280767719727,0.07258383600128582,5
dstm_penalty,0,0.15,0.0001,0.0003,70,0.11023209571000257,0.18051424847423575,0.5222846172314546,0.14496416844248516,0.9638888888888889,0.05955904110142642,0.9444444444444444,1.0714879224941238,0.0528058169655432,0.10748375644740817,0.18851879199792165,0
dstm_penalty,1,0.15,0.0001,0.0003,70,0.13228285227149206,0.18071288303451136,0.6151694916019886,0.1685847335050921,0.9611111111111111,0.067213640359801,0.9305555555555556,1.0425750054351917,0.05135908873762639,0.12033303637958233,0.1841535349994956,0
dstm_penalty,2,0.15,0.0001,0.0003,70,0.12807823130662432,0.1856368178798199,0.604390903037998,0.16557036599319894,0.9611111111111111,0.07153926879271513,0.9305555555555556,1.0357215291751976,0.05612412336060791,0.11804713410453707,0.1894603590008046,0
dstm_penalty,0,0.15,0.0001,0.003,70,0.11786517040267899,0.1813912980321149,0.5243034182703498,0.14770647590570427,0.9722222222222222,0.059378694417937056,0.9416666666666667,1.0101256299178711,0.052067770643586274,0.10846766117420757,0.2025858149972919,1
dstm_penalty,1,0.15,0.0001,0.003,70,0.13681099552221873,0.1815832998076429,0.6169247343676206,0.17181987146962951,0.9611111111111111,0.06850564311482413,0.9222222222222223,0.9830113081061439,0.052146569766478974,0.12150991054604245,0.18013382900244324,1
dstm_penalty,2,0.15,0.0001,0.003,70,0.13192989480848102,0.1851290629943165,0.6061357158568204,0.1678229393687425,0.9638888888888889,0.07258624208332143,0.9333333333333333,0.979432325542883,0.055617822419589034,0.11876973520169394,0.18446469899936346,1
dstm_penalty,0,0.3,0.0001,0.0003,70,0.05039804420644953,0.1557612632886756,0.39689288957706487,0.11682438729143083,0.975,0.042806229685473554,0.95,1.055070513701963,0.05878541993507148,0.11009839709289915,0.19119858799967915,2
dstm_penalty,1,0.3,0.0001,0.0003,70,0.06747740284238399,0.15276714249626405,0.4573162508164041,0.13938761769389493,0.9638888888888889,0.05146022129966135,0.9416666666666667,1.0235553386598992,0.05506828182630609,0.12500109702649753,0.18533502100035548,2
dstm_penalty,2,0.3,0.0001,0.0003,70,0.06161819817323963,0.1532823514049942,0.46031003464678283,0.13090998809734097,0.9694444444444444,0.05234683657776466,0.9416666666666667,1.0211670008551212,0.058666187672244643,0.12383744051219449,0.21112824000010733,2
dstm_penalty,0,0.3,0.0001,0.003,70,0.060560434598019665,0.14983707496589874,0.39399304417427233,0.11760071557896544,0.9694444444444444,0.04374515059527296,0.9472222222222222,0.9355121127484393,0.05881987722652712,0.11159014099242852,0.18833426700075506,3
dstm_penalty,1,0.3,0.0001,0.003,70,0.07470135781011455,0.14990278465320608,0.4564573858270125,0.13831148212474464,0.9666666666666667,0.05036961412177638,0.9444444444444444,0.9079145904917582,0.05923910791174849,0.12630412792665927,0.18066788600117434,3
dstm_penalty,2,0.3,0.0001,0.003,70,0.0681634877431919,0.14450648704382135,0.4572722775313177,0.128106432594575,0.9694444444444444,0.0521141648569866,0.9444444444444444,0.910829144953326,0.060987529841907334,0.12459871964363889,0.17570597200028715,3
dstm_penalty,0,0.45,0.0001,0.0003,70,0.029951907485931527,0.1508383979702158,0.3506830757936211,0.11479373057555506,0.9694444444444444,0.04052852151166439,0.9555555555555556,1.0429360612083989,0.0643153250378697,0.11123123310482459,0.18107637900175177,4
dstm_penalty,1,0.45,0.0001,0.0003,70,0.04272596681668993,0.15717592815097423,0.40340164168386367,0.14107413257014817,0.9694444444444444,0.050506765072161404,0.9416666666666667,1.008905842207574,0.06028452525156729,0.12754901176106084,0.18202107899924158,4
dstm_penalty,2,0.45,0.0001,0.0003,70,0.034646665045467644,0.14086393833114402,0.39835538094655026,0.13314199109548505,0.9638888888888889,0.052048378865147356,0.9472222222222222,1.0125132204182412,0.06315598018360412,0.12659589392077697,0.20195758900081273,4
dstm_penalty,0,0.45,0.0001,0.003,70,0.04187290886818303,0.13426816206028142,0.3414947208600354,0.11006021276148314,0.9722222222222222,0.04033852515812834,0.9555555555555556,0.8633544220988693,0.06532735849180672,0.1128179180283083,0.17965444400033448,5
dstm_penalty,1,0.45,0.0001,0.003,70,0.054040523520666926,0.14979133396565159,0.39934762266122487,0.1346574663036579,0.9666666666666667,0.04721738736115955,0.9472222222222222,0.838833881847511,0.06812090504249807,0.12866033884142997,0.176185455002269,5
dstm_penalty,2,0.45,0.0001,0.003,70,0.04547808316926169,0.1255773550144169,0.3888061109268128,0.12046656657427353,0.9694444444444444,0.04875049793414033,0.95,0.8514840694120626,0.0677870337030548,0.12687634802999917,0.18189279100261047,5
matched_spectrum_penalty,0,0.15,0.0001,0.0003,70,0.11012372378990136,0.1804780097381981,0.5222843612566214,0.1447645284573811,0.9666666666666667,0.05950521308961907,0.9444444444444444,1.0779664675895124,0.052755426312745615,0.10743671538143933,0.1886695730026986,0
matched_spectrum_penalty,1,0.15,0.0001,0.0003,70,0.13238229300941382,0.1809051089324605,0.6152104994902621,0.1686416778468199,0.9611111111111111,0.06733433384116057,0.9305555555555556,1.0486335767743735,0.0511621684033263,0.1203174546983071,0.1968190140032675,0
matched_spectrum_penalty,2,0.15,0.0001,0.0003,70,0.128369568819973,0.18629179231774393,0.6048805832939403,0.16575516521835823,0.9611111111111111,0.07158875823535192,0.9333333333333333,1.0420360454770068,0.05613891451832205,0.11806150654517188,0.18710250499862013,0
matched_spectrum_penalty,0,0.15,0.0001,0.003,70,0.11617250388856125,0.18068327143871202,0.5240132118403479,0.14664214074175136,0.9638888888888889,0.05931589648969629,0.9444444444444444,1.0762697640734527,0.05142204629472791,0.10796345289577663,0.1763942279976618,1
matched_spectrum_penalty,1,0.15,0.0001,0.003,70,0.13779014012239432,0.18250813566437257,0.617233554341052,0.17148954449460735,0.9583333333333334,0.06933158825919403,0.925,1.043296177815931,0.050112549912928864,0.12140979288726428,0.17749895099768764,1
matched_spectrum_penalty,2,0.15,0.0001,0.003,70,0.13430430515095265,0.191445179866372,0.6103508634261043,0.17054209320723587,0.9611111111111111,0.07261349350076507,0.9361111111111111,1.0424365402501024,0.055619174540681514,0.11882442655400359,0.18847716600066633,1
matched_spectrum_penalty,0,0.3,0.0001,0.0003,70,0.05042427401819694,0.15576966508291987,0.3969708509834321,0.11637512157687269,0.975,0.042576466890905766,0.95,1.0678971295423123,0.058710692745809596,0.11000865709121437,0.19356566699934774,2
matched_spectrum_penalty,1,0.3,0.0001,0.0003,70,0.06762872174993755,0.1524575380894268,0.45730142355187736,0.1383550414060967,0.9638888888888889,0.05139284658834862,0.9416666666666667,1.0351704944922366,0.054593800233423424,0.12495942641712954,0.20021145299688214,2
matched_spectrum_penalty,2,0.3,0.0001,0.0003,70,0.061772665247139376,0.15376893096293553,0.46090926149571465,0.13087926710451853,0.9694444444444444,0.05222737931552223,0.9472222222222222,1.0333594382430262,0.05855042749231118,0.12381588434218657,0.20070942000165815,2
matched_spectrum_penalty,0,0.3,0.0001,0.003,70,0.05987580757600524,0.1488781484216584,0.3941500336528999,0.11452119040642379,0.9777777777777777,0.0425377753036451,0.9583333333333334,1.066438700024418,0.05727524587031686,0.11062736442339145,0.1832023470014974,3
matched_spectrum_penalty,1,0.3,0.0001,0.003,70,0.07591181106365402,0.14646367156636705,0.45541790253860215,0.1328516820893226,0.9666666666666667,0.05158110677507816,0.9416666666666667,1.0248038478977102,0.05439550753896885,0.12587105026395523,0.1884501150016149,3
matched_spectrum_penalty,2,0.3,0.0001,0.003,70,0.07004958170626811,0.15165058101145446,0.4624029327506669,0.13029723362602866,0.9722222222222222,0.05171800526090903,0.9444444444444444,1.0346573326900221,0.059402430662111594,0.12396734666358171,0.18555836999803432,3
matched_spectrum_penalty,0,0.45,0.0001,0.0003,70,0.03005686538271671,0.1505641438070223,0.3505406033711834,0.11464133623221437,0.9722222222222222,0.040379927588325475,0.9555555555555556,1.0623303598325153,0.06420802025978843,0.11106500188576501,0.2043139939996763,4
matched_spectrum_penalty,1,0.45,0.0001,0.0003,70,0.04270929621672104,0.15614695658068864,0.40294498028734416,0.13912220384713408,0.9694444444444444,0.05042892890600399,0.9416666666666667,1.025744870507237,0.05945195112769222,0.1275122087139895,0.1900006370015035,4
matched_spectrum_penalty,2,0.45,0.0001,0.0003,70,0.03487538519910645,0.14241441764060234,0.39944861694506195,0.13384501766429355,0.9666666666666667,0.0521900037554099,0.9444444444444444,1.0305459271931374,0.06305460946870133,0.1265843031209842,0.19398088799789548,4
matched_spectrum_penalty,0,0.45,0.0001,0.003,70,0.04147318582184126,0.1340856345249371,0.34146768601336847,0.10695998422965973,0.9805555555555555,0.03893997958052534,0.9611111111111111,1.0602441577366817,0.06344549315079968,0.11137820397514661,0.18785113299963996,5
matched_spectrum_penalty,1,0.45,0.0001,0.003,70,0.05334358918912167,0.13753340022369795,0.3945018705984252,0.12085011281957893,0.9666666666666667,0.04776164451258773,0.9444444444444444,1.0113335721539205,0.060506031474471506,0.12741005494544852,0.20241582299786387,5
matched_spectrum_penalty,2,0.45,0.0001,0.003,70,0.04737929752938967,0.1377904730259488,0.3973552318745158,0.12661089895544791,0.9666666666666667,0.04972829008661225,0.9416666666666667,1.0328037512574828,0.0652710460046607,0.1257938331513,0.19785889400009182,5
dstm_sobolev,0,0.15,0.0001,0.5,70,0.12839381819060453,0.19304061546042808,0.5524968837177363,0.1574399834046048,0.9583333333333334,0.0652006924064901,0.9444444444444444,0.9999088887342064,0.05440135372623001,0.1068023505553784,0.29541289700136986,0
dstm_sobolev,1,0.15,0.0001,0.5,70,0.14989399177770496,0.19260375169028043,0.6506679379125,0.18052599829524446,0.9611111111111111,0.07394346236643022,0.925,0.9715292767799799,0.05695595499258902,0.11794569595352494,0.30361486400215654,0
dstm_sobolev,2,0.15,0.0001,0.5,70,0.1472269768935904,0.19448370737033926,0.6511814735659547,0.1827229425582692,0.9583333333333334,0.08091194466950755,0.9166666666666666,0.9674940495188529,0.05819350928833884,0.11603067195479741,0.3470430650013441,0
dstm_sobolev,0,0.15,0.0001,2.0,70,0.16229553887172185,0.21230287794895583,0.6012279270944463,0.18254972518429233,0.9555555555555556,0.07689663911054999,0.9333333333333333,0.8815374734428234,0.059837975087562646,0.1056512067610664,0.2932132870009809,1
dstm_sobolev,1,0.15,0.0001,2.0,70,0.18532949320033554,0.21696703554364,0.7137157398894286,0.21590109362277257,0.9472222222222222,0.09331260972072014,0.9083333333333333,0.8576353827603731,0.06955598256704396,0.11343892607153125,0.29639096800019615,1
dstm_sobolev,2,0.15,0.0001,2.0,70,0.19372531977883314,0.23259726436910735,0.7386922716138199,0.23090420286466976,0.9305555555555556,0.10833159036474334,0.9055555555555556,0.8501319765230388,0.06591321622225108,0.11222365248498307,0.3052206050015229,1
dstm_sobolev,0,0.3,0.0001,0.5,70,0.060512828877649236,0.16350516620572955,0.41606737714218256,0.12231926387852171,0.9722222222222222,0.04601203105147083,0.9527777777777777,0.9763570832297122,0.059447715408509134,0.10959759656002874,0.2973966899990046,2
dstm_sobolev,1,0.3,0.0001,0.5,70,0.07769051348554479,0.16034840009818183,0.4787241764840224,0.14141365217682147,0.9666666666666667,0.05307998957449695,0.9361111111111111,0.9442429661526174,0.060189584602929606,0.12253181990261523,0.2928573620010866,2
dstm_sobolev,2,0.3,0.0001,0.5,70,0.07640306480752879,0.15190560101386355,0.48576676416743214,0.1351110730802386,0.9666666666666667,0.054586762753603045,0.9333333333333333,0.9449532088431459,0.06102518890552963,0.12281630158436384,0.319126573001995,2
dstm_sobolev,0,0.3,0.0001,2.0,70,0.08264150824842328,0.17283324682285206,0.44748522778615185,0.13289813287147303,0.9694444444444444,0.051991533847855285,0.95,0.8318300288630326,0.06473708368144741,0.10843013726423924,0.3166704409995873,3
dstm_sobolev,1,0.3,0.0001,2.0,70,0.09815873595130506,0.1652318052825795,0.5180409222670068,0.14899954558243433,0.9666666666666667,0.058861402646427745,0.925,0.8015063175418108,0.0735436165642363,0.11809849030344244,0.3070286460024363,3
dstm_sobolev,2,0.3,0.0001,2.0,70,0.10498163650255429,0.1644210370643921,0.5404237015822215,0.15039230284301983,0.9638888888888889,0.06547087093695951,0.9194444444444444,0.809752395686375,0.06932460152800524,0.1181778438108687,0.31436464299986255,3
dstm_sobolev,0,0.45,0.0001,0.5,70,0.036873700758025416,0.1595464311516261,0.36455608405015083,0.11696469509481208,0.9694444444444444,0.041918086697580806,0.9527777777777777,0.9617574503650873,0.06424156700293912,0.11088538558702944,0.3623135710004135,4
dstm_sobolev,1,0.45,0.0001,0.5,70,0.05087716621759231,0.164347762063521,0.42065545556561573,0.142142862245827,0.9694444444444444,0.05019986102954514,0.9416666666666667,0.9272178738343325,0.06492972809797774,0.12518840205528725,0.4963133819983341,4
dstm_sobolev,2,0.45,0.0001,0.5,70,0.044200247412295536,0.14223960140886327,0.41388853338091963,0.1296359945239513,0.9694444444444444,0.05002114793448279,0.9416666666666667,0.9398035945760465,0.06594120302010147,0.12507751090514835,0.4624126319977222,4
dstm_sobolev,0,0.45,0.0001,2.0,70,0.05047500552188495,0.16539978660141186,0.38822591727086797,0.12311991387214032,0.9638888888888889,0.0460886781739365,0.9527777777777777,0.8037429873396078,0.0688931564009519,0.10986761271265535,0.3176223990012659,5
dstm_sobolev,1,0.45,0.0001,2.0,70,0.06968026181128896,0.1640084282146527,0.44935574698648284,0.14326767870840157,0.9583333333333334,0.05510629430893548,0.9305555555555556,0.7714573282031746,0.07972069656596802,0.1207456828684751,0.3182751610002015,5
dstm_sobolev,2,0.45,0.0001,2.0,70,0.06793577501566136,0.14953598227707043,0.4566942735364225,0.12454341264567563,0.9694444444444444,0.050934854703905574,0.925,0.7915068314520324,0.07605575085652881,0.11956616910020221,0.33883361100015463,5
matched_spectrum_sobolev,0,0.15,0.0001,0.5,70,0.12333596135502331,0.19145406267084725,0.5605927862930545,0.14972598252483293,0.9583333333333334,0.06051054097816569,0.9416666666666667,1.0813941208903763,0.05188480737252692,0.10640525082890002,0.2870459169971582,0
matched_spectrum_sobolev,1,0.15,0.0001,0.5,70,0.15172351239611945,0.19529094704203587,0.6602605001028786,0.17933092662276995,0.9611111111111111,0.07459982267496088,0.9222222222222223,1.0404043757732826,0.05331473246555048,0.11792101559634349,0.29932244200244895,0
matched_spectrum_sobolev,2,0.15,0.0001,0.5,70,0.15062245355359466,0.2012410796903693,0.6563527298342138,0.1881514362937304,0.9611111111111111,0.08258141712017096,0.9305555555555556,1.0468073959513344,0.05838903445923802,0.1157682560723447,0.33266016700144974,0
matched_spectrum_sobolev,0,0.15,0.0001,2.0,70,0.14789663557851973,0.21127220917748576,0.6238958056858973,0.16577607220045026,0.9527777777777777,0.06802537437999373,0.9416666666666667,1.0832074776074214,0.05451759619063875,0.10416475827640735,0.30792358799953945,1
matched_spectrum_sobolev,1,0.15,0.0001,2.0,70,0.1840301689686507,0.22231268908276933,0.7288477633235683,0.20692423029459028,0.9416666666666667,0.09030626631424486,0.9166666666666666,1.0269397843140222,0.058615422103308064,0.11276718198593143,0.303142877000937,1
matched_spectrum_sobolev,2,0.15,0.0001,2.0,70,0.19242658099693605,0.24316669189639276,0.7383597330759311,0.23577309362456558,0.9388888888888889,0.1077586988206313,0.9,1.0532101695904268,0.06239812094817097,0.11125474492220412,0.3231419879994064,1
matched_spectrum_sobolev,0,0.3,0.0001,0.5,70,0.05826729786870542,0.16334288496140972,0.4227056326975175,0.11645045750950402,0.975,0.04179077863054532,0.9527777777777777,1.0733915771457643,0.05672291590006183,0.1089666470818097,0.30501477800135035,2
matched_spectrum_sobolev,1,0.3,0.0001,0.5,70,0.07871708903548594,0.15131036798492706,0.481018133468695,0.13870261422195565,0.9638888888888889,0.05463194955310824,0.9416666666666667,1.0259184971123583,0.05622957598739326,0.12258984006058629,0.3024677250032255,2
matched_spectrum_sobolev,2,0.3,0.0001,0.5,70,0.07886948823037344,0.15995166132359692,0.4935766216231184,0.14471147114265104,0.9638888888888889,0.057977568647780565,0.9361111111111111,1.0390103044179275,0.06074104730194051,0.12184438857310737,0.3177793760005443,2
matched_spectrum_sobolev,0,0.3,0.0001,2.0,70,0.07414682209601432,0.17240171275878058,0.4625324788073539,0.12096607248485133,0.975,0.04527634869785179,0.95,1.0788291004803396,0.0578841764819997,0.1062124379750889,0.3147839369994472,3
matched_spectrum_sobolev,1,0.3,0.0001,2.0,70,0.09669726189174213,0.1545163385732653,0.5233461487562896,0.14222205370552377,0.9666666666666667,0.05951934970075247,0.9361111111111111,1.0135518366612495,0.06207409155926672,0.11613082062179567,0.3133679109996592,3
matched_spectrum_sobolev,2,0.3,0.0001,2.0,70,0.10040837513818066,0.17067573942854106,0.5410521445290287,0.16031765232223327,0.9638888888888889,0.0644230713244211,0.9333333333333333,1.054301178968392,0.06458007712695024,0.11481091791453667,0.30870515100104967,3
matched_spectrum_sobolev,0,0.45,0.0001,0.5,70,0.034756325353844604,0.15554240847417963,0.37032023977788064,0.1109678548729419,0.9777777777777777,0.037121664391682734,0.95,1.067683671777655,0.061875367975920643,0.11001824722311407,0.31221627299964894,4
matched_spectrum_sobolev,1,0.45,0.0001,0.5,70,0.04965552552092606,0.1509830196143232,0.4180800140892941,0.1333462035290476,0.9694444444444444,0.05066891643895981,0.9388888888888889,1.0186271544153216,0.06024069235753913,0.12508716541086667,0.29286991499975557,4
matched_spectrum_sobolev,2,0.45,0.0001,0.5,70,0.04544045112247318,0.15260880611334274,0.42033097494322164,0.13954151162787187,0.9583333333333334,0.05697434111274105,0.9388888888888889,1.0404223258232221,0.06627985195525285,0.1224019726807147,0.3063031499987119,4
matched_spectrum_sobolev,0,0.45,0.0001,2.0,70,0.04511130841712746,0.15972873700896578,0.40040118045640305,0.11145808105543599,0.975,0.03981300979513305,0.9583333333333334,1.074870439203043,0.06212312826026929,0.10699048049635758,0.34321453500160715,5
matched_spectrum_sobolev,1,0.45,0.0001,2.0,70,0.06282919717821557,0.1409338663131056,0.44320247973175075,0.12980610947466475,0.9638888888888889,0.05478314073293422,0.9416666666666667,1.0045726985597232,0.06645534047596924,0.1176659747154797,0.30499837000024854,5
matched_spectrum_sobolev,2,0.45,0.0001,2.0,70,0.06681067447369644,0.16053310115631797,0.46086681654680584,0.15165576682427329,0.9611111111111111,0.06063113673609851,0.9361111111111111,1.0536369992158487,0.06976759120205804,0.11584629022278077,0.30042946599860443,5
grid_sobolev,0,0.15,0.0001,0.5,70,0.1334389764194777,0.19834636284034876,0.5701342234337551,0.15949292643011337,0.9611111111111111,0.06719237880675216,0.9416666666666667,1.0619780323773735,0.058962996605289225,0.1056916565054703,0.08180453399836551,0
grid_sobolev,1,0.15,0.0001,0.5,70,0.15670967367398397,0.20381182683298732,0.6706364191808513,0.18826058758439715,0.9527777777777777,0.07837282979239255,0.925,1.0323937366732079,0.05684840028157727,0.11836157036965415,0.09055731600165018,0
grid_sobolev,2,0.15,0.0001,0.5,70,0.15276614538398756,0.2036860167003994,0.6628059821960254,0.18784083048513792,0.9583333333333334,0.08249954587159292,0.9222222222222223,1.025083999968855,0.06154829017170999,0.11665396860457133,0.10260617200037814,0
grid_sobolev,0,0.15,0.0001,2.0,70,0.18840950065957965,0.24532340140361805,0.6805970045480988,0.20454650659290888,0.95,0.08971506497483352,0.925,1.0349337139193813,0.06999900509658655,0.10241345899352569,0.07656833799774176,1
grid_sobolev,1,0.15,0.0001,2.0,70,0.22112683610134382,0.2603015414330949,0.7972579914007409,0.24897891459949587,0.9277777777777778,0.11027280231792409,0.9055555555555556,0.9985988769400725,0.0677338349355506,0.11398863550799278,0.08667034699828946,1
grid_sobolev,2,0.15,0.0001,2.0,70,0.23071161748185057,0.2716853875364501,0.8137464683044556,0.2632005130740861,0.925,0.11948436456463918,0.8944444444444445,0.9920033305022535,0.07350552381368296,0.11385846682956637,0.08412674200008041,1
grid_sobolev,0,0.3,0.0001,0.5,70,0.06364452504210649,0.16491323915721592,0.4273898596858296,0.11934744858854071,0.975,0.043969036524065544,0.95,1.0486227323446278,0.06478023261268313,0.1080977482149103,0.08493873000043095,2
grid_sobolev,1,0.3,0.0001,0.5,70,0.08294536504193724,0.16148823195373213,0.490939596050703,0.14682969506482457,0.9611111111111111,0.0554230934145223,0.9388888888888889,1.0137709170099893,0.060250489024516726,0.12330490176266755,0.09283687600327539,2
grid_sobolev,2,0.3,0.0001,0.5,70,0.08194722218236675,0.16245991609258037,0.49708031191908314,0.14071214075522195,0.9638888888888889,0.05482039466170179,0.9361111111111111,1.0118262648523244,0.06471044952949709,0.1237164630056157,0.08613709899873356,2
grid_sobolev,0,0.3,0.0001,2.0,70,0.09979128630022707,0.18967146757344666,0.5018470405268325,0.13984886298766838,0.9638888888888889,0.05499010070889903,0.9472222222222222,1.0153794733450392,0.07597289922747888,0.1044458918943788,0.08988800099905347,3
grid_sobolev,1,0.3,0.0001,2.0,70,0.11996216268216252,0.18208190060790802,0.5739676320316012,0.1641014975328316,0.9611111111111111,0.06455161268162242,0.9333333333333333,0.974694533893332,0.07168583474795144,0.11979509987421662,0.08839501199690858,3
grid_sobolev,2,0.3,0.0001,2.0,70,0.12157934687937576,0.18264419177116242,0.5773068866088408,0.16399118686071348,0.9666666666666667,0.06493790486103533,0.9361111111111111,0.9761165179580849,0.07628704391781262,0.11940146324486298,0.09616097400066792,3
grid_sobolev,0,0.45,0.0001,0.5,70,0.03768557829352275,0.16051421956519796,0.3742760997700756,0.11453176860426333,0.975,0.039822010086727484,0.9527777777777777,1.0405448515227194,0.06993805963064796,0.1090239296093702,0.11123530300028506,4
grid_sobolev,1,0.45,0.0001,0.5,70,0.05532753283509455,0.1594712421218493,0.4280579771478284,0.14697561060644593,0.9666666666666667,0.052707957262500035,0.9416666666666667,1.0013089765029237,0.06504346238219637,0.12632596866456428,0.10445119799987879,4
grid_sobolev,2,0.45,0.0001,0.5,70,0.04903771974590886,0.15180207020345174,0.4238985370656558,0.13794397271738812,0.9638888888888889,0.05281427917040906,0.9444444444444444,1.0085925454398403,0.06945429104910818,0.12612860396411185,0.09999473099742318,4
grid_sobolev,0,0.45,0.0001,2.0,70,0.06287734658857261,0.1816957510537914,0.43216955212848585,0.12237735308337214,0.9777777777777777,0.04291575823153131,0.9583333333333334,1.001972065298534,0.08106483472162272,0.10523685817160496,0.08939866199943935,5
grid_sobolev,1,0.45,0.0001,2.0,70,0.08246033002829921,0.16739984920361153,0.4862243372349534,0.14752729420504357,0.9638888888888889,0.05530252884529333,0.9361111111111111,0.9604993085137016,0.07643333874746482,0.12193739728041682,0.09169305199975497,5
grid_sobolev,2,0.45,0.0001,2.0,70,0.08197259378810037,0.16898493371609766,0.4865348722784408,0.14207840403158223,0.9638888888888889,0.05374009483169708,0.9333333333333333,0.9692909748625411,0.08086527985059,0.12135560812233936,0.08967501599909156,5
architecture_balance,0,0.15,0.0001,0.0003,70,0.10946856687069118,0.18053652003864665,0.5220806077608886,0.14469644027469702,0.9638888888888889,0.05957387990333758,0.9444444444444444,1.0781446710268345,0.05196037730384658,0.10748158618452439,0.06312437599990517,0
architecture_balance,1,0.15,0.0001,0.0003,70,0.13175030803413523,0.18077967912653084,0.614983040784058,0.1683206573683599,0.9611111111111111,0.06713103138662703,0.9305555555555556,1.0493798527940947,0.050325802787383626,0.1203013957859975,0.06022735700025805,0
architecture_balance,2,0.15,0.0001,0.0003,70,0.12772288061927226,0.18575845201293198,0.6042612804346887,0.16519951906036054,0.9611111111111111,0.07144700253306582,0.9333333333333333,1.0421287041884977,0.055056083719701804,0.1180993859228263,0.07486155000151484,0
architecture_balance,0,0.15,0.0001,0.003,70,0.10887070774566572,0.17986789407898854,0.5216645397687484,0.14438279284484679,0.9638888888888889,0.05941320826904561,0.9444444444444444,1.0780981350786631,0.04390900320169691,0.10836539302707632,0.08117422000213992,1
architecture_balance,1,0.15,0.0001,0.003,70,0.13108550373377978,0.1801015730296948,0.6145997944685776,0.16760280599837232,0.9611111111111111,0.06672671463838831,0.9333333333333333,1.0508842399019431,0.04237561990974992,0.12129375895667949,0.08663617600177531,1
architecture_balance,2,0.15,0.0001,0.003,70,0.12708912409308648,0.18531044890193077,0.6039442818850175,0.1647270683156566,0.9638888888888889,0.07115259848733099,0.9333333333333333,1.0428684199922724,0.04590629655620441,0.11923540282945512,0.08695673600232112,1
architecture_balance,0,0.3,0.0001,0.0003,70,0.049335639835002186,0.1567687823271174,0.3973783416581525,0.11702000264147985,0.975,0.04273701975618709,0.9527777777777777,1.0681121196100105,0.05565151379240505,0.1102737661198263,0.09170812900265446,2
architecture_balance,1,0.3,0.0001,0.0003,70,0.06675885287738342,0.15333981258807375,0.45750525854679497,0.13966288365857954,0.9638888888888889,0.051616302491881406,0.9416666666666667,1.0368612021661945,0.05140873796805357,0.1251513025453579,0.07351180299883708,2
architecture_balance,2,0.3,0.0001,0.0003,70,0.060910914072633014,0.15404610706123545,0.46072660302445834,0.13138072432292228,0.9694444444444444,0.052393419766529586,0.9416666666666667,1.033859044429414,0.054418336702172526,0.12414076817517562,0.05983115200069733,2
architecture_balance,0,0.3,0.0001,0.003,70,0.0483679115472722,0.15407506198012572,0.3960642252309656,0.11629774831575226,0.975,0.04272594007929578,0.9527777777777777,1.0678392114315134,0.03299572992780111,0.11241267318909999,0.07509680800285423,3
architecture_balance,1,0.3,0.0001,0.003,70,0.0656319311062082,0.15215646448748985,0.456764774545093,0.13889273172924638,0.9638888888888889,0.05119436258957037,0.9416666666666667,1.0413816913071174,0.0306139154557256,0.1273222289265188,0.07893687600153498,3
architecture_balance,2,0.3,0.0001,0.003,70,0.05944329397446253,0.1527817689075167,0.46014400447799064,0.13033165414937037,0.9694444444444444,0.05205228201532891,0.9472222222222222,1.0377383911166547,0.030245890857845775,0.12645254885059132,0.07735149500149419,3
architecture_balance,0,0.45,0.0001,0.0003,70,0.02879979400190468,0.15312098199898527,0.3518516511335314,0.115662654237467,0.9694444444444444,0.040398685678746146,0.9555555555555556,1.0622534230017893,0.057626784574966894,0.11177062861628739,0.062031395002122736,4
architecture_balance,1,0.45,0.0001,0.0003,70,0.04148302336850585,0.15861524064003085,0.40412867318187456,0.1424168015755142,0.9694444444444444,0.05083401005520161,0.9416666666666667,1.0289694021315194,0.05238064805584044,0.1280644653039021,0.07879190100356936,4
architecture_balance,2,0.45,0.0001,0.0003,70,0.033379785986627074,0.14254598031026475,0.399515779709587,0.13548397230001216,0.9638888888888889,0.052906279175347425,0.9472222222222222,1.0316925502747496,0.05407701759561562,0.12738304383413032,0.08212852899669087,4
architecture_balance,0,0.45,0.0001,0.003,70,0.027695163491790704,0.1479906151301831,0.3490750414213302,0.11401462444751893,0.9694444444444444,0.04003573451133283,0.9527777777777777,1.061090925005528,0.02053405189079974,0.11486233423363522,0.08290205400044215,5
architecture_balance,1,0.45,0.0001,0.003,70,0.04004409169325538,0.15422589137750073,0.4021595445740565,0.14078812690457163,0.9694444444444444,0.04971363543693722,0.9388888888888889,1.0369617062265692,0.0204164228076293,0.13108851800083093,0.0871459660011169,5
architecture_balance,2,0.45,0.0001,0.003,70,0.031794452602816714,0.13828440937710554,0.3978868981279232,0.13392316370018745,0.9638888888888889,0.05271533042844633,0.9472222222222222,1.0373761517718225,0.01909038083772577,0.1304305181062934,0.0693234840000514,5
